7.484355444305382243e-02,5.279767494544210932e-02,3.131677038500283228e+00,1.511477916030949387e-01,1.583210920380077602e-01,6.989481899884185667e-01,5.502373865321550511e-02,9.225000000000001255e-02,-3.207650876772230220e+01,1.555809466326905532e+00,-4.350882391313944941e-01,6.989414290448703326e-02,-3.609968724459405864e-01,-7.635185815866122327e-01,-1.445395559845798761e-01,-1.590827346041934209e-01,-5.975953538288272249e-01,-3.594575524842941183e-01,9.131334240420305171e-02,2.191741891083305305e-01,3.578346516137790312e-01,1.886858165387075500e-03,4.895344734583625956e-04,2.522463936400307950e-03,2.735448616791345475e-02,1.052045595019469176e-02,2.400597686433585121e-02,6.965796999671990120e-02,6.842751877196217788e-03,1.983273240170728771e-02,1.965993485184994692e-03,2.199511785130032343e-02,9.147390112009001501e-04,3.215302047000360985e-02,2.440550688360450769e-03,1.018391407653048732e-02,-1.032444532561460626e-02,7.186549009388097480e-03,9.322394030190467654e-03,1.174050109558343047e-02,3.143854144320201477e-04,2.125000000000000153e-03,3.800561408924947759e+00,1.148613442229319270e-01,1.237571899344420620e-02,-1.378157750791560512e-02,-5.875089243705271247e-02,-6.695709459447471423e-02,-7.555135011778696223e-03,-2.533900330103078941e-02,-1.421348587270094763e-02,-2.511019659952042765e-02,6.012133020861236410e-02,4.176861988623714605e-02,-2.000407840479426127e-03,4.463914025560998663e-05,1.622676666784393589e-05,1.046014138141081938e-04,2.118503973989897796e-05,2.780197261587438219e-05,2.841608421544331476e-04,3.578830395604569361e-03,3.490487059159296700e-05,5.111573874567553258e-03,3.186766839265558473e-04,-8.228528930487852278e-03,4.887815005096007599e-05,-6.878504769504833897e-04,4.705383032120110526e-02,5.966246409309693827e-02,3.992015734873856081e-01,5.736121769680079668e-02,5.897926106937893126e-02,5.358729300771755133e-01,2.192633123742197265e-01,6.493217615327551151e-02,2.237790560750708480e+01,1.028619609986508143e+00,7.231265444333582204e-01,1.998341149472262768e-01,3.425642382819448217e-01,3.926611206787312125e-01,3.631921545570100940e-01,3.148095329585060553e-01,2.638950172385002291e-01,3.455032771719081519e-01,4.074445685158041841e-01,2.795526753854805646e-01,2.043074664215874803e-01,1.578005945484296053e-03,3.746136730638056304e-04,1.442436196890359333e-03,3.211661798390606087e-02,6.929434200804938590e-03,2.380261637938844294e-02,7.579352150031508362e-02,8.427471173954422662e-03,2.976906410658387847e-02,1.953880226799968416e-03,4.848133492590310512e-02,8.991844451555447253e-04,1.385671359003629206e-02,2.972162556189728022e-02,3.062906668997981627e-02,5.934386633039598902e-01,5.364279028041066266e-02,5.404853890637170005e-02,3.524993513107803622e-01,3.190741374310640532e-01,4.304267504465771749e-02,1.606887717569430407e+01,4.676904334403237384e-01,5.018045536239973403e-01,2.616600375202030038e-01,3.662845942003378208e-01,4.171654673754943699e-01,3.188446503226561868e-01,3.339551729175370687e-01,2.375698935640002396e-01,3.468382887822796801e-01,2.637621111630409909e-01,2.288056641609498010e-01,2.095786189107959885e-01,9.422742710934461918e-04,4.467429153138836330e-04,1.894234486944615121e-03,2.558450778223951214e-02,6.189300716843592308e-03,1.182585721909811850e-02,3.847063910759969396e-02,5.066412310127560957e-03,2.531681734683900731e-02,1.515966684772724086e-03,3.407906156138527931e-02,1.172488877659720466e-03,1.023861971758454475e-02
5.469336670838549630e-02,9.510351282660527150e-02,3.149220443506834055e+00,1.636341888138313772e-01,1.996986233860631732e-01,4.252510109861743492e-01,5.713742913682198429e-03,6.212499999999999967e-02,-2.303804898180563043e+01,2.307595471201048465e+00,-5.315660687034325094e-02,-1.209941144592040219e-01,-6.844856766841951323e-01,-9.420129656761477843e-01,-4.895155841882323777e-01,-4.184933204488724412e-01,-5.049185944530567571e-01,-8.500566392173761199e-02,5.435480669492888106e-01,3.056888258296004413e-01,1.505266640447308069e-01,2.629189111382858757e-03,6.799600216654225638e-04,2.615057745629939794e-03,1.226056482893042240e-02,5.180902325185729289e-03,2.792116442089569509e-02,8.065246705043888076e-02,7.842155537753668160e-04,5.544129555463191833e-02,8.242007997246262110e-03,3.662452892372959016e-03,1.579764460628481750e-03,3.270619884060125410e-02,-3.128911138923651941e-04,9.040398218576835071e-04,-1.848749876067823329e-03,2.837606745501251772e-03,4.957135706584204875e-03,-2.076015966474220598e-03,-1.559811403635800556e-05,-1.374999999999999053e-03,1.394550814229242874e-01,1.204715553232749148e-02,3.548561460531392958e-02,-1.284137702065288669e-02,-2.748401685732660554e-02,-1.364074220502578018e-02,-3.489488379119035782e-02,-4.125987943219159432e-02,1.411703501314864992e-04,7.157561680412719007e-02,7.238132314576453674e-02,-9.130065974018627614e-03,-5.537621791307809765e-02,2.071423131252140204e-05,-1.815217698529372168e-05,-8.111997256246621059e-05,-7.804519696425288528e-04,-9.456506651423062784e-04,5.835723364282750791e-05,1.087966701840024614e-06,-6.820231369053704213e-04,1.130079303319190924e-03,1.508657232066990244e-03,5.245764025283805244e-06,4.793157774107770843e-05,-1.664860468702835923e-04,2.427551143346787579e-02,4.745507297560316168e-02,2.571022157217879855e-01,2.648795432174784123e-02,2.671178409584630195e-02,3.457987830204730106e-01,7.166339886359582821e-03,3.605789615326995129e-02,6.920280055674272734e-01,4.850737039331038392e-01,2.946354910226351986e-01,2.478821194099423419e-01,2.648545692045343181e-01,2.653279601281022804e-01,1.819009797504319015e-01,1.748025799447577855e-01,2.585878988496326802e-01,2.259521115519128320e-01,2.868776275503623907e-01,2.041230425652620084e-01,2.893314194451179211e-01,1.222998483300642009e-03,4.804216241271387785e-04,1.323109211856909450e-03,2.125606345772858286e-02,3.065793297458373722e-03,2.175523529125657565e-02,6.757382588146459979e-02,5.302999854238867224e-04,4.283603210830023295e-02,7.539134931137590062e-03,2.413140716130917837e-03,1.065621761409276877e-03,1.167667268386380318e-02,2.163750079881096230e-02,3.628809625923153093e-02,3.712518882676285603e-01,3.020479847046855099e-02,3.570773035536120577e-02,2.418124162683129019e-01,9.295844158967227558e-03,2.865173424070522473e-02,1.064500421110239126e+00,4.202705788106381735e-01,4.183204654224122465e-01,2.190089869068593542e-01,3.518883416916913642e-01,2.422174885933472688e-01,3.265364015603314241e-01,3.145930539921826252e-01,2.016977964757099284e-01,3.376463063589436042e-01,2.934283977463795212e-01,2.202490889972702481e-01,1.614261595548179828e-01,1.341222890253119041e-03,4.505339698381595741e-04,1.805565038132186505e-03,1.881946671674140925e-02,4.157373607115901620e-03,1.361987325667965952e-02,4.035989071555932950e-02,2.605567970596610501e-03,3.412971123379968802e-02,5.143051187029738965e-03,2.215205627378302993e-03,1.442468006861252587e-03,8.976542344095303147e-03
6.314142678347935134e-02,6.466437380276540692e-02,3.183882913767145162e+00,1.681968676790656925e-01,2.016543115304359757e-01,5.403464699727540399e-01,3.983573272773398288e-03,8.225000000000000366e-02,-2.395438057026470702e+01,2.287567206209310644e+00,-5.213890662055342684e-01,-3.776303937478445727e-01,-6.781232658846401140e-01,-1.099183727370232067e+00,-4.931652167031459477e-01,-2.198545180593433623e-01,-9.705895002832139185e-02,1.867257271487094417e-01,6.145274468942564239e-01,7.138720153619555753e-02,-1.775131748616650129e-01,5.339486656667833883e-03,1.788610363382835914e-03,2.009540898539383721e-03,2.376654406951124107e-02,2.433756769820999075e-03,6.806860487801787325e-03,1.442980817062278556e-02,4.955030010072257723e-04,4.275171115262820648e-02,2.255705852104719980e-02,2.172737393630157568e-02,3.184759408294828703e-02,2.590597515544802373e-02,6.257822277847303340e-05,-9.070851476708503835e-03,8.865312814444425288e-03,-1.728364317673721558e-03,-1.423136712864950205e-03,-6.951318653940607994e-03,-2.444238065266811756e-04,4.999999999999993599e-04,-1.349402270316435448e-01,5.730005257301155897e-02,-1.690134976552444893e-02,-2.558043234161141294e-02,1.769691703154209136e-02,3.128754724093747719e-02,-5.622123933669900646e-03,3.274572412099158170e-02,2.568633979396269668e-02,5.517996762233585983e-02,-4.791454802824441500e-02,-5.852465599772280896e-02,-6.928398991638362245e-03,5.762126511765351027e-04,1.887897390978002937e-04,3.088460797478612726e-05,6.139551351538969303e-05,6.021918341022403423e-05,-1.430649327798954088e-04,-3.399194347141762298e-03,-2.769605295804911316e-05,-4.935375000967585045e-03,1.254626741272173857e-06,3.195871368182400668e-03,6.830888658090096544e-03,3.551972069185574507e-04,2.200930452272660889e-02,5.502223777463884080e-02,2.192372985418635234e-01,2.522075295727098029e-02,2.334331730602510688e-02,4.050488413321492454e-01,6.122634818541041433e-03,4.094890108415609464e-02,1.547752908206115663e+00,6.171355091594481479e-01,4.426657879965729125e-01,3.465991330092281775e-01,2.882776073351175361e-01,2.236703585348738255e-01,1.847081403912313458e-01,2.791349059309214398e-01,3.178387943023286977e-01,2.236186570514484828e-01,2.844276946660558303e-01,2.078052219383219046e-01,2.134825843839612824e-01,6.163695516407188130e-03,1.594703849570519886e-03,8.908703813421878486e-04,2.669013183761318256e-02,2.052469466497631231e-03,8.686878195039276704e-03,1.698938708323991312e-02,4.007478328879615246e-04,4.383067402004356405e-02,1.869446916532840203e-02,2.800243143028548556e-02,5.295347541444066219e-02,8.600522563059233988e-03,1.492710342423534363e-02,4.252895405544993013e-02,3.195616066638891084e-01,2.081407351111346643e-02,2.052217151646850563e-02,2.064885335650242237e-01,8.640167638403842623e-03,2.555141874730246926e-02,1.061218560040029013e+00,4.637034168155801384e-01,2.789772839369268342e-01,1.807126098465131059e-01,3.224030168155144205e-01,1.383104651889034420e-01,3.132013367870638554e-01,1.432843592194038007e-01,2.321711964637813985e-01,1.682492498053269059e-01,2.304300844325580799e-01,1.691286682789536755e-01,1.644003393748173503e-01,4.744654597546372685e-03,9.736603326110252008e-04,9.531592768171566260e-04,1.445819345876654671e-02,1.980212417693606990e-03,7.080610366861113739e-03,1.179454652449968971e-02,3.985665885936988916e-04,2.322620916340097097e-02,1.137321414133915173e-02,1.804832041698737483e-02,1.976321771620018902e-02,6.670356463175732692e-03
7.490613266583227847e-02,2.555481211837758518e-02,3.175700119354739392e+00,1.673223867145043620e-01,1.907611367438736549e-01,6.944117836981005265e-01,6.916471121299184663e-03,1.087499999999999856e-01,-2.588516786180531426e+01,2.157303050245195752e+00,-5.652109616283577109e-01,-6.325301760066034396e-01,-7.680921380597316439e-01,-9.781840542059466737e-01,-3.682180808923069537e-01,1.439404341903911255e-01,3.789496086991525625e-01,3.391015371312975368e-01,1.370398937457521227e-01,-3.698813609246612288e-02,-1.029245023956646826e-01,3.325805567612702407e-02,3.881398187172651476e-02,1.818356533596692578e-03,1.425768517614561803e-02,1.110120251888968481e-03,1.824395334084146338e-03,3.918294638936754316e-03,5.492459588795877388e-03,8.903847090890548016e-03,1.846796074661597245e-02,3.200210674596983690e-02,5.635630684423816733e-02,3.211364868869014122e-02,8.760951188986232808e-04,-9.753517826401600973e-04,-4.754246737623812891e-04,-1.867177039155476417e-03,-2.316116305966588011e-03,4.438643438749320658e-03,3.109196363132442787e-04,1.374999999999999920e-03,-2.182258261644021147e-01,1.074047102003646871e-02,3.414388746475857661e-03,-4.427816045549427815e-02,-1.055971064025590335e-03,4.316238175256640469e-02,2.217452068041481268e-03,2.670812151313659011e-02,7.364501095341019488e-02,-1.396017171230312312e-02,-7.891526234971568687e-02,-2.981333836128938295e-03,2.982142011862607550e-02,7.002956963457806876e-03,4.986108144645619647e-03,-2.060771036642270987e-06,-3.417066207804018204e-03,-1.129905286205675266e-04,-1.573958739820823774e-04,-5.398667538612817601e-05,6.682081075809836145e-04,-1.143988470023501753e-03,-1.501587479484597400e-03,-6.474708765028566564e-05,3.436321025888469422e-04,1.260227593136567037e-03,2.275740336796589977e-02,4.100830472140915700e-02,2.366656658207252906e-01,2.461625059715118191e-02,2.126651487679247221e-02,4.346209892065420188e-01,9.959431216408345597e-03,4.837031631072925830e-02,1.906313640359846850e+00,6.601173859813604938e-01,4.323252789586616851e-01,3.223752110300333040e-01,3.285187674350753539e-01,2.946832302361448996e-01,2.356694204391593939e-01,2.592653918413614922e-01,3.266377904849162572e-01,1.576079136797604308e-01,5.348757873134802887e-01,2.065183254699957394e-01,2.567675362951405971e-01,3.845740205597716205e-02,5.196475046965071121e-02,8.883246415630517223e-04,2.215548999150152368e-02,6.070896313755524271e-04,1.166478155761007047e-03,3.801813173241581478e-03,7.567523606834596073e-03,9.281381701335793266e-03,2.056777228684534761e-02,3.020334408317416550e-02,6.244425296688368987e-02,9.592823054337118460e-03,1.469775825446227244e-02,4.054720191229346099e-02,3.580662704617408876e-01,2.575865411266487631e-02,2.470034721427236818e-02,2.302284720868210954e-01,1.335130238449063617e-02,3.488799041217479496e-02,1.450032408806810613e+00,5.391925641011331427e-01,3.498328876347898131e-01,2.136092417284614353e-01,3.117689686185005637e-01,1.770713120348456349e-01,3.334841483012200847e-01,2.334166619494002504e-01,2.183159061225980746e-01,1.714727029420993476e-01,1.932815400232706371e-01,2.250293788124561323e-01,1.799010965239473403e-01,2.895663919697058497e-02,3.132250344841246148e-02,1.048689492133644385e-03,9.158293452729364056e-03,6.730410799724682999e-04,1.193886182663208900e-03,4.345023866673052709e-03,3.852918550849676084e-03,8.004786813776164356e-03,1.101015571947845488e-02,2.842439935142693566e-02,3.655373279363546835e-02,5.983968695174082461e-03
8.635794743429285603e-02,7.359080983999052861e-03,3.192277944435192083e+00,1.778918689521500340e-01,1.862162015943356896e-01,8.292504899427758369e-01,9.114060744736720426e-03,1.218749999999999972e-01,-2.715370534596667795e+01,1.728516082926192299e+00,-5.651036446212220898e-01,-8.264676288434531504e-01,-8.755651075519917947e-01,-6.311407834714644061e-01,-1.098254814907878990e-01,4.758295598590780995e-01,5.039319430214517226e-01,-5.511964561850599305e-03,-3.455540711824718336e-01,1.089683371736824002e-01,9.503249484467625463e-02,5.426601676100075572e-02,4.641138668151609248e-02,1.824308070383855868e-02,5.429416080295876995e-02,1.805374821130361403e-03,1.254089420240874766e-03,2.581656911394050388e-03,6.423487589487300413e-03,5.725174807911671999e-03,3.990372706991644758e-03,1.490092569279617696e-02,2.711221262654619352e-02,3.934342712272523995e-02,2.315394242803503998e-03,-1.099025025364801190e-03,-7.756608901590111502e-03,4.272901144124466657e-03,2.274137578878476697e-03,4.660228945445755305e-02,2.149698850165342005e-04,6.375000000000000458e-03,-2.027359644951493567e-01,-1.037556644552845436e-01,-4.787968001167839521e-02,1.186611964787372478e-02,-1.279462823839999652e-02,1.064548538434276735e-02,2.583034691764499874e-02,3.085165879691002463e-02,-7.161155865210428254e-03,-4.802298559224441737e-02,-3.320341732016039715e-02,3.553449974978216408e-02,3.850914585543706390e-03,-5.085721556152431261e-04,8.111485766629188392e-04,2.081338933859864723e-03,5.532651877663457077e-03,8.998707937481400393e-05,-3.132639877667824834e-05,-5.376604816854065532e-05,2.732287927883171792e-05,-1.551530461733317020e-04,-5.684217953124954918e-05,-2.966154369386372544e-03,-6.659448812363572348e-03,-4.151908714096692638e-04,2.653493748074366859e-02,7.263397452326357355e-03,1.281729638400296856e-01,1.892301390680622974e-02,2.256469284720548710e-02,3.853122316985616580e-01,1.400436029455900261e-02,5.271310913805028059e-02,1.955167377749643887e+00,5.094945587626340533e-01,4.336504443115307694e-01,3.287845810210955344e-01,2.311702085278389274e-01,3.094640960550712472e-01,3.721713796889851156e-01,2.675195191062633704e-01,3.628659997165291640e-01,4.337953197472630418e-01,2.588173008335485359e-01,2.397100804138895258e-01,1.666730592344501383e-01,6.753248807905772033e-02,4.815522236870473094e-02,2.105275563812500361e-02,6.634898890940470195e-02,1.655917803852135920e-03,7.320946362199447568e-04,2.953511457381644955e-03,7.286068560237597344e-03,9.090663041598855132e-03,4.015317290348000868e-03,2.208771742452301373e-02,5.039520432772191805e-02,9.331474553278254133e-03,2.249432516870254056e-02,6.387417945606835290e-03,1.884084138208769188e-01,3.176890914243270247e-02,3.233529018516213827e-02,2.689223231110506873e-01,2.015276763014674927e-02,5.920026921391490643e-02,1.779388653742551174e+00,5.983360957196687258e-01,3.950319043779080275e-01,3.932296773037571858e-01,3.036075322854031033e-01,2.284604297651832427e-01,3.499998454306378348e-01,2.464666900431056185e-01,3.051253507562116107e-01,1.636399457187131534e-01,1.984463875936598731e-01,2.452756110756016683e-01,1.780743078528610190e-01,5.775022359973183000e-02,3.496242265747834255e-02,9.542534625604788545e-03,2.373973242475808584e-02,1.294587240858346543e-03,7.542841644958127268e-04,3.520896837603729786e-03,4.397251007588930810e-03,7.560765268581427605e-03,5.502345880755764827e-03,2.175333196300108587e-02,2.938678840141537366e-02,1.099759776567728504e-02
1.103254067584480413e-01,3.905106054219657178e-03,3.172331001046777121e+00,1.930139336428564889e-01,1.812152308847192750e-01,1.108298428760395637e+00,6.409652048482307636e-03,1.514999999999999958e-01,-2.775729575536841409e+01,1.245768886112845086e+00,-9.327966793667658019e-01,-6.544615290637796345e-01,-6.463740866061192802e-01,-5.200579775388489701e-01,3.683111528971146353e-01,6.084064125280448376e-01,8.496850927377312679e-02,-5.996777784431547298e-01,-2.295152277851494615e-01,3.930437274814694848e-01,4.293481084821697963e-02,2.582247937858585599e-02,9.541389419770099703e-03,1.891058896859692390e-02,9.217796005121924041e-02,5.886836880244140056e-03,1.773558390450776911e-03,2.137416200576152097e-03,1.657539206603888702e-03,1.938221788534718378e-03,2.192741541523560156e-03,8.164205127251576363e-03,2.595301838348646958e-03,3.160905360909822825e-02,1.501877346683354320e-03,-4.138408033063411461e-05,1.925871130314460401e-03,2.034498615277852140e-03,9.647763224743102555e-04,1.112782992563343676e-03,-3.077794780182907444e-04,9.999999999999995871e-04,-3.752060953372886309e-02,-5.240242653515072430e-02,-4.060884551988844932e-02,1.712666889158618450e-02,2.309739296387010310e-02,-7.830649705841668390e-03,6.182915360070828648e-02,7.902440929501642480e-03,-7.117764232366735611e-02,-6.880765258651998229e-02,1.700978919411832296e-02,2.284990281901557937e-02,-2.186311286944346674e-04,-7.032909647897994318e-03,-4.987086304851243157e-03,5.309156010267842039e-05,4.370605799781239129e-03,2.110872778894818183e-04,-1.664049786938951060e-05,-3.054915106963914729e-05,-6.768066567548832900e-04,1.880763625133978942e-05,-3.761486641152701868e-06,4.019748205609856252e-04,-4.013372214424637953e-04,-1.044311188847202006e-03,3.066786255471898662e-02,3.927562513247075809e-03,3.206271540559683664e-01,2.297666561532872923e-02,2.092696127874822329e-02,3.471382541790541398e-01,1.223386426749910848e-02,6.757588327206683065e-02,1.807636428605135404e+00,5.437116120910819861e-01,4.540841125649490717e-01,4.522024179888533002e-01,3.220097029125382204e-01,2.712750525293823878e-01,4.634903846581240328e-01,2.176237629069048274e-01,4.503694390693160909e-01,4.081455358964000135e-01,2.544213606611479550e-01,2.315704570553880626e-01,1.350550591441396220e-01,6.571416998068546622e-02,1.347197187610866750e-02,2.057251430587620986e-02,4.704179580100664726e-02,6.973642220701058506e-03,1.599330221635632959e-03,2.212735675965296286e-03,2.743876393594804446e-03,2.391507001298433330e-03,3.017063308969523960e-03,7.204221948510623579e-03,4.090628954324776120e-03,1.358905067624012648e-02,2.562683281743730751e-02,3.563704022572362819e-03,4.383435016732751266e-01,3.226754708621690226e-02,3.467119187681080850e-02,2.428743111243713282e-01,1.721089180765671828e-02,6.693466964137494146e-02,1.771338467334251376e+00,5.528725554839365453e-01,3.724667654560301355e-01,4.485512201876199478e-01,3.870804477863788451e-01,2.613539308008927531e-01,3.741969286160565233e-01,2.929062729669184018e-01,3.257340087383875926e-01,2.525092043384020157e-01,2.283371506795920658e-01,2.019811991884684910e-01,1.645146232645274542e-01,4.919949916957627040e-02,1.455420481011715506e-02,1.299635754804041692e-02,3.502574407475530366e-02,8.117231983203607865e-03,1.807290304301241348e-03,2.529621540722221465e-03,2.870840478272532192e-03,2.718369536234154296e-03,3.908711939758878831e-03,5.039150894832701046e-03,3.943031385224543724e-03,1.151369893770694437e-02
1.288485607008760803e-01,1.539679590721905597e-03,3.221792397657475160e+00,2.073681119444053811e-01,1.787799782039049823e-01,1.170131903598560008e+00,3.056578479929739512e-03,1.759999999999999898e-01,-2.926233981049252364e+01,6.495500274782998185e-01,-1.237171871603164552e+00,-2.357306252104661437e-01,-3.800288753510900897e-01,-6.263460234221386314e-01,5.776697867549165366e-01,5.786194129259477625e-01,-1.688345370937108236e-01,-8.176147396442813298e-01,-6.769446729292194487e-02,4.661285372961612161e-01,-9.878902517546099549e-02,7.911489245495088732e-04,1.216908052342706393e-03,2.639055531468324604e-03,1.061825890134224792e-01,5.899232898286212688e-03,1.487823061620234619e-03,1.475501918252609523e-03,7.440019119497356644e-04,1.139771681776188166e-03,9.710046158341440175e-04,1.348370366160622780e-02,1.292722611778431788e-03,2.947574461584553940e-02,-6.257822277847303882e-04,-9.370140590208254422e-06,8.668998494058732102e-03,-1.295247659017312260e-04,-1.214429732537093643e-03,-3.500652756536076771e-03,-5.652121520612431700e-06,8.750000000000007772e-04,-1.365897133858146317e-01,-2.128238346876718673e-02,-4.941266356044083036e-04,7.687242939879573855e-04,6.926036021673876233e-03,2.080755798817225666e-02,1.528980260471676268e-02,-3.648411166694538743e-02,-2.821530486375918231e-02,-3.062874571241759256e-02,-8.962766973028109957e-03,3.778186097164707054e-03,-1.423516878314370036e-02,-7.862648539575427329e-05,-1.006978193826480860e-03,-2.147598854377194121e-03,-4.767287900250683289e-03,1.251856705787000054e-04,-5.001218384901504044e-05,-9.513338049962079648e-05,-8.091941199034255314e-06,-6.668275875312877888e-06,-1.938410186660588410e-04,9.970085799621527037e-04,-2.088128001986821699e-04,-1.152900463475744000e-03,1.491660597859075822e-02,2.110628788714616431e-03,3.249899365474872570e-01,1.925834250660539426e-02,1.903546085005954416e-02,2.638170867446647527e-01,3.456736705563062586e-03,5.013980454688669874e-02,1.808123965476274408e+00,4.782281962987585677e-01,3.829969974589877424e-01,3.678032367938429692e-01,3.535407630879346952e-01,2.860972419043848469e-01,2.310437657735355810e-01,2.558542073055523614e-01,1.812126036304500254e-01,2.529187122864591797e-01,2.049209982036316047e-01,1.658776350800320876e-01,1.805891129458927491e-01,7.044535159489449848e-04,8.527102761050283936e-04,1.587863166668775907e-03,5.150065490960740316e-02,6.935643302311372133e-03,1.622134161671877394e-03,2.279340942469503840e-03,1.680799525470543995e-03,1.735273637526866652e-03,2.078962379759306638e-03,7.975448363784587089e-03,2.637485482045044682e-03,1.346679195896823000e-02,1.966390586363551962e-02,2.146162100764955911e-03,4.298149683987242398e-01,2.609355170209238031e-02,3.009127817806559954e-02,1.985328018241918901e-01,2.928874327874651188e-03,4.718497509801187345e-02,1.112004791099871825e+00,3.569964106820778804e-01,3.227237187215080683e-01,3.460594570146193205e-01,3.607303179007742555e-01,2.484358060196581175e-01,3.151297022827042049e-01,2.929041664288212776e-01,2.871533050490148176e-01,2.591252963201669535e-01,2.412132080062112938e-01,1.687925956958287455e-01,2.235286883518138312e-01,7.474217420752746676e-04,4.270130863113516008e-03,8.360737396564395935e-03,3.353305903176344999e-02,8.068747887184066908e-03,1.757185230893865959e-03,2.232090448487758592e-03,2.155245774306263282e-03,1.471387147606600986e-03,2.387970083368327109e-03,6.150686031048663467e-03,2.887493036264997606e-03,8.397056942805840307e-03
1.244680851063829918e-01,1.669650377851227040e-03,3.243703028005028521e+00,2.043656772425715418e-01,1.785024868372475371e-01,1.136797328455389167e+00,3.114999078491307444e-03,1.746249999999999747e-01,-2.991281743339150268e+01,7.889662431806701015e-01,-1.178031013358511236e+00,-1.479133038338938666e-01,-3.319935751047938810e-01,-5.583851903074433798e-01,5.549934756244863099e-01,5.491784691405704466e-01,-1.523626862464600995e-01,-8.153626464217935688e-01,-1.098496212822291096e-01,4.322028245798422708e-01,-1.378985915505214488e-01,1.260668757395342569e-03,1.017827771397587094e-03,2.999355342567588435e-03,1.020490275899752913e-01,6.615664027179763915e-03,1.282435310594696402e-03,1.897938091648957576e-03,8.239239774021821444e-04,1.036524459076294162e-03,1.158330420587312757e-03,1.529850366810667564e-02,1.111390938818995712e-03,2.860791658614121949e-02,-2.127659574468084708e-03,6.146766572053621880e-05,2.310385991929786334e-04,3.658686163445640238e-05,-3.184392518828293777e-04,5.110120314407806327e-03,3.639722667528051162e-06,-2.125000000000000586e-03,4.070183561700968511e-02,-5.709657744785790259e-03,-1.928098288352870365e-02,-1.944083816883737659e-02,3.345245289297404945e-02,1.779936269331633750e-02,1.008853079311792210e-02,9.847269066221112435e-03,2.524666184331655211e-02,4.162014473036645783e-03,2.431762769889251469e-02,3.669107816840508438e-03,-2.240386631644891800e-03,-1.283758863056693119e-05,1.482498448577315504e-06,-4.782303138449581467e-06,-2.250663863572803459e-04,-4.914538629686949697e-05,-1.245884555697948065e-05,6.802645570348292981e-06,-2.709929031480831857e-06,-1.553898167808363649e-05,-1.520869506203732435e-06,-2.754349523947539013e-04,4.340759184231956767e-06,-5.930575861633593029e-05,1.851924239050132051e-02,2.768859994043836210e-03,2.120217697530982215e-01,1.988728996061489215e-02,1.704442709325139360e-02,2.640447759191215105e-01,3.044046742692247016e-03,4.647764919829746461e-02,2.370197185585319666e+00,5.888664663158369450e-01,3.627289589314824925e-01,3.578506516891097333e-01,3.152490767449955822e-01,2.818996392671831996e-01,3.052319342482830988e-01,2.466283549284523369e-01,1.827164022743260896e-01,2.808173085728830620e-01,1.759036999455043659e-01,2.073093700559592578e-01,1.636417304197680389e-01,1.640075875118828484e-03,5.774199716429629422e-04,1.886678986783595297e-03,5.522580023700337376e-02,8.886155967136178183e-03,1.184488800906974672e-03,3.734324400515207174e-03,2.074337529065349139e-03,1.359782973095393461e-03,1.755964584048360505e-03,8.109760677226456049e-03,1.902837902243425692e-03,1.416344584284603622e-02,1.613062183687782522e-02,2.549670878969174329e-03,2.764817095385992962e-01,2.119705443422342794e-02,2.414571465451213414e-02,1.759141930904039031e-01,3.166285760381106189e-03,5.913583410251351674e-02,2.068698290400847739e+00,4.015131868103612445e-01,3.154434052764015228e-01,4.121167514996935677e-01,3.037670815751108977e-01,2.587488226390373680e-01,3.321192180864251386e-01,2.826870291890670739e-01,2.382968974594031064e-01,3.036824465808173890e-01,2.105064252446769424e-01,2.119889473866541918e-01,2.168048340921090722e-01,1.812615734290844985e-03,8.370460457307185098e-04,2.207261705177921123e-03,3.527098192133391874e-02,1.092209180807489008e-02,1.116721477070485970e-03,3.952471545108666474e-03,2.939852461949438948e-03,1.365019909830389499e-03,2.128481288083798346e-03,7.002150786057915327e-03,2.729409529282265934e-03,8.136082343978282699e-03
1.112015018773466757e-01,4.931281210013732999e-03,3.151495008770038186e+00,2.021683521791260707e-01,1.878348003478427786e-01,1.159206318060479468e+00,5.238498741885734555e-03,1.775000000000000466e-01,-2.789897759716003023e+01,1.218008497181954697e+00,-1.007987215425010907e+00,-5.498001983468652210e-01,-4.989514541210827714e-01,-4.928923106622349337e-01,5.740587975799263942e-01,5.910579560712768687e-01,-4.991796236749816013e-02,-6.837951016158319018e-01,-1.371123456067868118e-01,3.748556858407570691e-01,-5.071712229658946469e-02,4.021890012440593014e-03,3.057763608861854832e-03,1.853031350125914495e-02,9.436024097757296503e-02,7.055913833300221823e-03,1.536337694221756285e-03,2.343443340789493588e-03,1.203689008303474636e-03,1.542250174068622148e-03,2.397191191383581631e-03,1.045470116186478227e-02,2.393454816716527895e-03,2.652344857217367458e-02,-2.503128911138928383e-04,5.313769408154383209e-04,-3.786253651050954655e-02,1.840556525423199443e-03,2.181398497595808499e-03,1.366820925613752499e-02,7.326330763628592906e-04,1.124999999999999698e-03,4.289564707346427141e-01,1.401265433719821665e-02,2.560335369115657872e-02,-8.043418957241078165e-03,-6.203775442219228164e-04,-2.443237704885645178e-02,-1.776492990366334082e-02,1.448030743703758103e-02,4.394375545131701255e-02,3.831201713504813616e-02,1.531405494349979621e-02,-2.731847182115386755e-02,2.177545894287706216e-02,1.740893282055785279e-03,8.956123841147300979e-04,5.464028955929799624e-04,2.786646041518773924e-03,-4.975538615149340427e-05,6.578989268730232333e-05,5.705846963278681660e-05,2.685424202773088634e-04,4.483863861693231892e-05,1.726379985750092013e-04,-8.990003098418719455e-04,1.045051096932922375e-03,5.809560624278009783e-04,3.132232279962738480e-02,5.112685225924451515e-03,2.929732417650512399e-01,2.005126299313342644e-02,1.940901088555683357e-02,3.096075846428909539e-01,5.807741381269132530e-03,6.083789937201973530e-02,2.868942949419160726e+00,4.431934496259291034e-01,3.987665882265446493e-01,4.793750159110207743e-01,3.378183062440483497e-01,2.415619867858399272e-01,3.625097124508489532e-01,2.723898592525219042e-01,2.488429828095691798e-01,3.931667208900342936e-01,1.603330140151084937e-01,2.645941531222147924e-01,1.151158721862764606e-01,7.749968781595336503e-03,4.640248830843115256e-03,2.049915396580766561e-02,4.537816139363025358e-02,8.696662976719561969e-03,1.170153550030431956e-03,3.591753578431019275e-03,2.317135777732243305e-03,1.541441308564724501e-03,3.023311404602547960e-03,8.528745695904598606e-03,4.743657312386409357e-03,1.190645829887964496e-02,2.160027663847092702e-02,4.845336207347562298e-03,3.989704021723844973e-01,2.900574127594401919e-02,2.850428477008396660e-02,2.394587610390746524e-01,6.798102822111647299e-03,7.341438465995611673e-02,2.378108647736453030e+00,5.449023920877513749e-01,4.097842627703905394e-01,4.763612829067538912e-01,3.886906533126243124e-01,3.074552035726887955e-01,3.705577065445948004e-01,3.164027395051713931e-01,2.474552781169039040e-01,4.542089683652560383e-01,1.959954740141884311e-01,2.494141321598941641e-01,1.303296624518257008e-01,8.430737721549825744e-03,5.022350593039460499e-03,1.298274783465298322e-02,4.120553103774354103e-02,1.095528200268750148e-02,1.193512104339250219e-03,3.965593355211858087e-03,3.177181942301404282e-03,1.760971826633246510e-03,3.929318127091917072e-03,6.287328050960997589e-03,5.341428763500802139e-03,1.035240355487479155e-02
1.028160200250312767e-01,2.337995466642350112e-02,3.141406947695768004e+00,1.992583381560298628e-01,1.891497550459185217e-01,1.064536890574584449e+00,8.176213467289503850e-03,1.596249999999999891e-01,-2.629773767374691218e+01,1.153943666925711486e+00,-7.356931481771477044e-01,-7.247320772760839080e-01,-7.145559648285348953e-01,-7.201413336093391848e-01,2.273187074708142852e-01,6.505354475141553738e-01,3.170365073854307103e-01,-2.801520757457692246e-01,-3.536610167838029062e-01,1.445951111108569331e-01,6.796333456871338219e-02,3.794667261397426106e-02,4.386321014136098512e-02,1.934420010960866132e-02,6.382147382687838877e-02,2.526794061821648237e-03,1.399082645769977266e-03,2.082511038049199206e-03,9.041556538606696641e-03,2.053517844226966475e-03,2.963798506570690904e-03,1.144802983117934256e-02,1.611850746701146836e-02,3.564317488086742036e-02,-2.503128911138923721e-03,8.560555770972748391e-03,-2.297713400533329866e-03,-3.173572851227196741e-03,9.454896329872842110e-04,-6.493059533743765488e-02,6.351339201515551216e-05,-4.499999999999998793e-03,3.115252901307707378e-01,1.162811945550770582e-01,5.638144250946430791e-02,-1.598825775517748876e-02,-6.407607973574550031e-02,-2.758384909987116052e-02,-5.908658239589690414e-02,-3.402228888143976615e-02,1.900442225210538516e-02,8.086105199791890352e-02,7.323025668498889425e-03,-3.844547061898621193e-02,-9.290280872124403663e-03,7.371769086711512124e-04,1.482035605591399221e-04,-1.354351951569191556e-05,-4.111819658369068528e-03,-1.264266149902457527e-04,6.594789501991898831e-05,4.515832017230180125e-05,4.826417347415445520e-06,5.365922378363733458e-05,4.086866139384629578e-04,2.954848587628081114e-03,7.108126155159349979e-03,8.937552375536392864e-04,3.217098899533182843e-02,4.939696513256183752e-02,2.576565973695935652e-01,2.013963927270272583e-02,2.102673492085484208e-02,4.185507354659624979e-01,1.123144852802934225e-02,5.827882870305476498e-02,2.116360333166980023e+00,6.777287710104966667e-01,4.790332264938935158e-01,3.584106334218720158e-01,3.256381739274877285e-01,3.269112381680979729e-01,3.848004449430905693e-01,4.308913714431911179e-01,3.350856212763754782e-01,4.098134099791073126e-01,4.017672713967384013e-01,2.526052191308452155e-01,1.885172515227077072e-01,4.850040670934972070e-02,5.290562899099356814e-02,2.000254389620462897e-02,6.365225735359303361e-02,2.007787101838430077e-03,1.530336031403689741e-03,2.959736524155236713e-03,1.053548508403110047e-02,2.741368515836472165e-03,3.221740720460215205e-03,2.209174606284669898e-02,4.152729895117131947e-02,9.564826177673166341e-03,2.517169632180070796e-02,3.658635583374333228e-02,3.717487017527265625e-01,3.117450946244974125e-02,2.949223581717483333e-02,3.599114028720549197e-01,1.406594174213347294e-02,6.047520152922186698e-02,1.745479257947932572e+00,6.049077716965601814e-01,3.618990761772860054e-01,3.987049471734975259e-01,3.533773901057642441e-01,3.171922219596498560e-01,2.791949068129085387e-01,3.232981377414275159e-01,3.155672315399432604e-01,4.053688625529294209e-01,2.816168509707295819e-01,2.321353969036399068e-01,1.633416257418095485e-01,3.578626219193174751e-02,2.918251627359124897e-02,1.314811283985031429e-02,3.257189413106482273e-02,2.325441930685769043e-03,2.023578274893332325e-03,4.176863703473841956e-03,5.488455328876025094e-03,3.291517616652369239e-03,3.546850689057271574e-03,1.953765032676054933e-02,2.901837885251389026e-02,1.033451475399736405e-02
8.823529411764705066e-02,5.386577350366654471e-02,3.212107097156820856e+00,1.750952671936776284e-01,1.845687954370365813e-01,8.338719432272805321e-01,6.310409675222497169e-03,1.155000000000000054e-01,-2.481334175034698575e+01,1.736467637791025309e+00,-5.686278703357927622e-01,-5.138939361075499646e-01,-8.129295019872774253e-01,-9.547683029970157609e-01,-1.851928596105271996e-01,3.514824244939142583e-01,4.406611979071097807e-01,1.377017980304987843e-01,-4.839373266548666758e-02,-4.138911073283470243e-02,-5.361253278054176757e-02,3.938488654954382107e-02,4.304439576124499678e-02,3.839455969326250641e-03,1.761398712242884940e-02,1.376550585764216902e-03,1.666859967646333639e-03,2.913210528816660878e-03,8.635555615924704956e-03,5.823916671642975773e-03,7.929957470830490546e-03,3.062838454317890965e-02,6.232782779703156806e-02,3.468748109922538403e-02,2.503128911138932178e-04,4.313767541446935500e-04,3.672419568887894809e-02,-2.512265480009179177e-03,-1.193867269586504310e-03,-9.052217718040883251e-03,-9.212246119892636290e-04,-4.374999999999998682e-03,-4.882022843478601992e-02,2.363925042752169567e-02,-2.475532232542293487e-02,5.289665587033483274e-02,1.928741112460312726e-02,-4.849982780160351503e-02,-3.837710411699214036e-02,-2.715384064891738364e-02,-6.519805595636614728e-03,3.033455041528782675e-02,5.072802580222647573e-02,8.349653559659633156e-03,-2.169070993684705032e-02,-1.702923033352380169e-03,-8.744196631436326490e-04,-5.454123042624719900e-04,-7.011374562784656456e-04,-1.910549526577087591e-04,-7.472169869072194223e-05,1.968459718195721521e-05,-2.922368261276143140e-04,9.851927780104442322e-04,1.529114682438518277e-03,1.888211579422203513e-04,-7.111224611643810010e-04,-1.100874244308361712e-04,3.271470744082035503e-02,5.350134374816011007e-02,1.612366560053700715e-01,2.845442003422493649e-02,2.378883598584025441e-02,5.544232395550644510e-01,1.073711159444582647e-02,5.409251334519407650e-02,2.228049441708828127e+00,9.856491445240046501e-01,3.569468819971617912e-01,3.675660983536820914e-01,2.760945080621181602e-01,2.894750721373667290e-01,1.834435721657546037e-01,4.735794345980526843e-01,2.342413952552415968e-01,2.767806947607975854e-01,6.387601873333715874e-01,1.896101944646927662e-01,2.649548833113948287e-01,4.709494278325643268e-02,5.338848589516273502e-02,2.924026149384005308e-03,2.512814170284177751e-02,1.313318248720223187e-03,1.594109600143834389e-03,3.276661271423523571e-03,1.078485383769275767e-02,6.745770417202135577e-03,8.148822368621381693e-03,3.099932029956641369e-02,6.347555357345135985e-02,8.751109416899263346e-03,2.258926492651510201e-02,4.453879834024326162e-02,2.333190088498618697e-01,2.474104934416285553e-02,2.710318754723341564e-02,3.460042095352607316e-01,1.287436208101841624e-02,4.119978003582057402e-02,1.321483666845384652e+00,5.129642660948583455e-01,2.566715573190884725e-01,3.242779312915156642e-01,2.468822797559122317e-01,2.534422901052404975e-01,1.667602870194345999e-01,2.722892047340679245e-01,2.530046131532791565e-01,2.230676956707228487e-01,2.630249341374041316e-01,1.893405203341750054e-01,1.529778128415080207e-01,3.482077426679704851e-02,2.885602289934409079e-02,2.938823265666303756e-03,1.621213058640074908e-02,2.020993833856450910e-03,2.150556324866788067e-03,4.626130996559476433e-03,5.339218113647765419e-03,3.910082092165350492e-03,5.331946787294882667e-03,2.205855780959367976e-02,3.369971664065543604e-02,7.070678067468205014e-03
6.564455569461827289e-02,9.383276790532750489e-02,3.255397956033298179e+00,1.465159636756306061e-01,1.786196033941106764e-01,4.926286746705356157e-01,3.128524125314469020e-03,7.762499999999998568e-02,-2.343843241084890749e+01,2.599772604741878546e+00,-4.739130517461146441e-01,-2.794270615115476142e-01,-5.881975424737101443e-01,-1.041896674054744176e+00,-4.388063347220507171e-01,-1.603110712652541792e-01,2.085139004109947680e-01,1.717834819382069167e-01,5.654513000056655692e-01,1.154042853995891349e-01,-1.187994351287256778e-01,5.391769897303543349e-03,2.152480719024769430e-03,3.463913574938221052e-03,2.035782998543958847e-02,1.997740366181241598e-03,2.968284236253034784e-03,9.501835832066879081e-03,6.250832291387506357e-04,4.954416596203443240e-02,1.531115303468591135e-02,2.429892103761507882e-02,4.912451444309143961e-02,2.932653712735122653e-02,-1.877346683354191273e-04,-2.117513509586692842e-03,-1.550206233622120067e-03,-6.738428015239230967e-04,-1.747454723050606649e-03,3.644772176161613191e-03,2.025289638984003834e-04,-4.999999999999993599e-04,-3.532797623626322825e-02,-2.617068013611183533e-02,3.197099006902828777e-02,4.220131723356003450e-02,1.107165089009569045e-02,-1.644722617455647226e-02,-2.332047135895310569e-02,-1.841386717838434245e-02,-3.599111736945981299e-02,-6.931822361142115155e-03,1.629793453921243168e-02,4.409947237071829701e-02,2.235427784503036391e-02,-6.805504971679509404e-04,-1.578475277228299210e-04,-2.764410412384116637e-05,-3.149300214187710758e-05,-2.464403621260488861e-05,1.281442999431658839e-04,1.277713885265290309e-03,-3.458612129609775702e-06,7.957507554410558209e-03,-1.446266155761820359e-04,-3.110513882629410178e-03,-7.089799609498207041e-03,1.603999646260175524e-04,2.539002944991253230e-02,5.984822305591455671e-02,1.199696371661328476e-01,2.535068746293289363e-02,2.733280904621987473e-02,4.085924831231394494e-01,4.483468264037969442e-03,4.018297991687525689e-02,1.018407801654791056e+00,6.718022218346944019e-01,4.696283764664135330e-01,3.592965042492231031e-01,3.397824638647010120e-01,2.669029648940297594e-01,1.955009629935416660e-01,2.836583027377668209e-01,2.098342202410277413e-01,2.149255445376422047e-01,2.640101669481965674e-01,2.797903418036503664e-01,2.355610127431630452e-01,4.660881912566841936e-03,2.500572907852183138e-03,2.253195162971937966e-03,2.752247385040248323e-02,1.015077473676613204e-03,1.775464750060596784e-03,9.975565871314862748e-03,5.910864973255433759e-04,5.140817825104913169e-02,1.263033680794240637e-02,2.702064224706157355e-02,5.954722587171439735e-02,8.780031907830153706e-03,1.629090353287350468e-02,4.618194422291876933e-02,1.662074226481050077e-01,2.764853220788595495e-02,3.208247241010572098e-02,2.029073935822487407e-01,5.748846241537308548e-03,2.499499949989997596e-02,8.700815051502169828e-01,5.912804769859657528e-01,2.716870470749165878e-01,2.669553884885100814e-01,2.744298735444070658e-01,1.690703495025689951e-01,1.977953691707022010e-01,1.462308513966886214e-01,2.120579899631976073e-01,1.569577907571098052e-01,2.050018587099105560e-01,1.822582216518721931e-01,1.095069228209814005e-01,2.233224031281085594e-03,2.764098460766829194e-03,2.369559715861755973e-03,1.549602777836918237e-02,1.039591959696577498e-03,1.236473176292333899e-03,1.053805246425624891e-02,4.446707338693111147e-04,2.480904428644713916e-02,9.529119041229839812e-03,1.007467650886830109e-02,1.481333639609123780e-02,6.723271311981979595e-03
5.675844806007509374e-02,9.360544961850195134e-02,3.226274393122030570e+00,1.420177284952409136e-01,1.778545420669049304e-01,4.157039769314039290e-01,5.293345597049827628e-03,6.687500000000000389e-02,-2.359229148929721731e+01,2.717801191509163328e+00,-1.434572446602894180e-01,-7.286588625998195734e-02,-4.570389001210244939e-01,-9.165241177668022043e-01,-5.007247413191915353e-01,-3.929400960399029308e-01,-2.900923303515739460e-01,-6.477638931571008674e-02,4.081198480999031486e-01,3.524510169727397835e-01,1.870880488866173974e-01,2.557936698692826923e-03,6.914727105336252594e-04,3.990173769905009174e-03,1.176268638390626231e-02,6.005896315115305528e-03,2.928458379183109667e-02,7.529088630755012557e-02,1.947403085217127520e-03,5.240786471810510161e-02,1.044334068435810031e-02,4.520332392559173705e-03,1.944881501065250356e-03,3.317446534999021757e-02,1.376720901126407548e-03,-4.793394524346437447e-04,-1.426709781916724040e-03,-1.253448505979086426e-03,-3.153470918947142571e-03,1.069958885355301072e-02,1.841286019840378502e-04,1.624999999999999275e-03,-5.116852209216205200e-04,-4.992653979311057269e-03,4.676559269251751375e-03,-1.338868951434460733e-02,2.110698677746361898e-02,2.055206424496720113e-02,2.218443029986453402e-02,2.294827396342660666e-03,-4.472418816273300568e-02,-5.545055018175830408e-02,-3.866665461150559091e-02,2.657528934773997764e-02,5.351585660436934677e-02,-2.829594005245763541e-05,2.072264817152299113e-05,7.956859102075544243e-05,-1.558675973164259931e-04,4.413228976579141065e-04,1.676313070044382642e-03,1.679110189482588625e-03,7.897095879014501621e-04,-2.396147579138039013e-04,-1.681454946023742177e-03,-2.553162915319105979e-04,-3.045279295080295938e-04,-2.485868637802160361e-05,2.515699038631926884e-02,6.780421594310979960e-02,1.352996693960862029e-01,2.481481765776333628e-02,3.221944506009938314e-02,3.404002249812637104e-01,6.285316117804641035e-03,4.169738451030232523e-02,1.179994720356785987e+00,6.349161427975080763e-01,3.663501616620660761e-01,2.119743603116038266e-01,2.139839888570545245e-01,2.884909021572462651e-01,2.331576048601732287e-01,1.959656531000442403e-01,4.100870099105645150e-01,2.465814828097724898e-01,3.044854359908896191e-01,1.726955348765008280e-01,2.716343037040645503e-01,1.350629798041083195e-03,3.605544943625639781e-04,2.254038872447486092e-03,1.831585699112606158e-02,4.173168718648517968e-03,2.844684849992386647e-02,6.867467524802889356e-02,3.620819352070807351e-03,4.936756746460319728e-02,1.309502971149133915e-02,2.996978826656092505e-03,1.765374073223471233e-03,1.069631570050310308e-02,1.868523278641986973e-02,5.119652750045328854e-02,1.769420059750795027e-01,3.267797903929106629e-02,3.995488583969196428e-02,2.174423473007134622e-01,8.573006257146433690e-03,2.870403934988941669e-02,9.924048017952531442e-01,6.526168662242981533e-01,3.204781957297856421e-01,2.174128941122419056e-01,2.780302206797304887e-01,2.268067893368473364e-01,2.502684483219050349e-01,2.369669355003669042e-01,2.414885125286007073e-01,1.654657851991027384e-01,1.891124664162412983e-01,2.344857636756857711e-01,1.508254188308210952e-01,1.252507888902459812e-03,4.759072160561607779e-04,2.753459225251255783e-03,1.319633051977283505e-02,2.804868076863780389e-03,2.237685135762491548e-02,4.144452868284623920e-02,2.357072245949077063e-03,3.813367417977934354e-02,7.873794545978968565e-03,3.086893505192665754e-03,2.098753955069375659e-03,8.491328249488873381e-03
8.272841051314142047e-02,3.522889893457768068e-02,3.255926729712050438e+00,1.551163008031560819e-01,1.704613866993564819e-01,7.901726737485347263e-01,4.001800105607973557e-03,1.063750000000000251e-01,-2.547472496601001879e+01,2.095861738981985134e+00,-6.911867190281906215e-01,3.733049893214566983e-02,-4.378488481386429987e-01,-8.327026609917819178e-01,-2.031684787013085247e-01,-1.597417844445503665e-01,-7.533234820642310536e-01,-5.114438103430040128e-01,7.561807939243196663e-02,2.766300760227354827e-01,4.651648969763062524e-01,2.237732744713991952e-03,6.300399783239745560e-04,2.639460254495552393e-03,3.711817317167633024e-02,1.460797474506383455e-02,3.330977827639971384e-02,8.146178444768710503e-02,7.260001479921719854e-03,8.464743782864207755e-03,1.962089819107665136e-03,5.220505178572054129e-03,9.263956326333248458e-04,2.881759203650213069e-02,3.254067584480600881e-03,-6.486824385505682473e-03,3.536641773434845339e-03,5.534267242894005739e-04,-1.330574558951966909e-03,4.982385872459791504e-02,-2.748122868119704789e-04,4.499999999999999660e-03,-2.671212096384827928e-01,-2.707277364495475069e-02,-7.292309150556690323e-02,2.699797749232334901e-03,1.829711723555840081e-02,1.295962173330248400e-02,4.534372159899680010e-02,2.381310326749576725e-02,-1.462577579707750007e-02,-6.823993932640348703e-02,-2.916789892931572620e-02,-1.157931044797045131e-02,-3.735726460541527634e-03,-4.120877123549608942e-05,2.000108724942589541e-05,5.425308124943644972e-05,3.787545399384114556e-03,1.423051177827645017e-03,-5.536393346871355256e-05,-7.098838006234228304e-04,1.848653755564404785e-04,-8.007042917461583073e-03,-2.445659815971410540e-04,-1.881291159743636717e-05,-1.156254796752757689e-05,-1.130145367942299176e-03,3.595694800891397619e-02,5.053993655463707990e-02,8.678030852640676585e-02,2.313908652312467867e-02,3.386761027013293623e-02,4.674674934502152657e-01,5.452595583216521269e-03,5.401084960450076161e-02,1.914763723113686478e+00,7.141618789230949060e-01,6.782167509115986093e-01,1.863423951860875838e-01,2.356694944152172566e-01,2.274128979983783827e-01,3.287828429986850987e-01,3.312856416472523269e-01,2.019153376027618685e-01,3.988335662027299722e-01,1.675923183045225362e-01,1.968899129486467170e-01,1.858160405100021118e-01,1.547210671900559314e-03,3.078087731398192195e-04,1.277236318164563225e-03,2.928695293957781637e-02,9.067604796808265144e-03,2.511122161218164520e-02,6.377285116132551390e-02,6.870539007359330319e-03,9.389602229160007307e-03,1.954680066175022365e-03,4.261398287171576024e-03,6.509898566137177142e-04,1.269629291827996560e-02,1.663874806793674485e-02,3.213384313741726034e-02,7.462100832378973370e-02,3.023138073283064900e-02,3.981098279015465868e-02,1.762560639041740596e-01,6.864629668906117692e-03,2.231311273668467807e-02,7.351730238858363853e-01,5.458986928287671292e-01,3.220026335997042133e-01,2.296983394736253070e-01,2.928546267720006369e-01,2.528404684889904441e-01,2.561925600312682239e-01,2.776970531809525577e-01,2.375923807256048736e-01,1.794853813198970249e-01,1.788165957023061525e-01,2.424367424407850857e-01,1.762345353354088096e-01,1.248270016654329934e-03,3.982950894997763585e-04,1.526272475511866386e-03,8.773094590891390016e-03,8.732630740976883923e-03,2.301120700124547822e-02,4.174976061871846222e-02,3.120812125987527420e-03,2.697251785735484131e-02,1.771608592949397085e-03,2.932517683130931533e-03,9.229216042161422296e-04,6.615072719057412190e-03
1.002503128911138852e-01,1.603065173263934539e-03,3.254700746761997721e+00,1.562868635968754638e-01,1.578909614402912165e-01,1.064463737692153300e+00,2.408430234831653288e-03,1.404999999999999583e-01,-2.946458902126353152e+01,1.878220384570141732e+00,-1.249997431861561648e+00,1.596074363450682154e-01,-3.809644668084236629e-01,-9.208948509274772487e-01,-4.601097010876507853e-02,5.712187877957657610e-03,-8.048362847744767734e-01,-8.958786677648010732e-01,-7.499679857564922267e-03,1.481768081379387925e-01,4.945015088685664750e-01,2.119160410267186684e-03,8.913740409575751211e-04,2.569321025403910590e-03,5.550156756564324223e-02,4.325428923181712237e-02,1.181562434227392301e-02,3.122760732070982079e-02,7.637585678772216072e-03,2.826543268225747106e-03,1.279022033673399023e-03,5.436966669364858354e-03,9.691011624781831332e-04,2.066912078399720312e-02,-2.002503128911138804e-03,-4.878014335621278235e-04,-1.845367999048153117e-03,7.158996801792091641e-04,3.247421666783892324e-03,-1.750849757805241630e-02,-6.620215900914925926e-05,-1.625000000000000142e-03,-5.175907495430545069e-01,4.523827504964954282e-02,1.892682685988227725e-02,3.057298143324877968e-02,1.009482151759041879e-02,2.837440668579799263e-02,-1.375861654900931152e-02,2.992155458332154596e-03,-4.690676020571843234e-03,-5.171277098420690600e-04,1.503925249619084224e-03,-1.412826255918260901e-02,-2.001843424155781009e-02,4.727403912404237155e-04,-3.640988648989435981e-05,2.290010732833291376e-04,-9.968252195954989143e-04,3.291556934183668091e-03,-3.610141984322953854e-04,9.801739251462219821e-04,-6.551032517545280105e-04,-3.147200605055490256e-04,1.752108270415336170e-04,-4.278449774305272954e-05,-1.401132753837289244e-05,3.140486995210037160e-04,2.082228653611507829e-02,1.576925942225720044e-03,7.382295323750784344e-02,1.899417162774699741e-02,2.665739346001163787e-02,1.606526749491696271e-01,2.141280903144295641e-03,1.397766074849436310e-02,2.805024289438712959e+00,5.598147518988320082e-01,3.578173490027135029e-01,2.861268964143559579e-01,2.609884490708662130e-01,2.163503314349614348e-01,2.120613539909060596e-01,2.881665559752338290e-01,2.067591695914597072e-01,2.034236277798837367e-01,1.377107028046612169e-01,1.966344940451368040e-01,1.976013297347118391e-01,2.392747662581747037e-03,1.465769090577947933e-03,1.656526045676952200e-03,1.307981447652655817e-02,2.895778360685115696e-02,7.342979353966435502e-03,2.021871642790704082e-02,5.696682408733445314e-03,2.596420747979565763e-03,1.544540469845797747e-03,4.156583488567729828e-03,1.152356715147446900e-03,4.141704055911960350e-03,1.405100595813385533e-02,1.034461403981872018e-03,7.731083959058021593e-02,2.292938434689356653e-02,3.272175861076663528e-02,7.729892849779554376e-02,2.054059993726807878e-03,5.605521831194664774e-03,5.196210527807741952e-01,4.681575193362216836e-01,4.013538692007020958e-01,2.488963820152023110e-01,2.930642270597508814e-01,2.634989913405054174e-01,2.326992718998147636e-01,3.169316614438464352e-01,2.260483532763684078e-01,2.427096321989623273e-01,1.719328727313919336e-01,2.383491686950000854e-01,2.481789896194500078e-01,2.490381974609288951e-03,2.102406091799925974e-03,2.180568061673337794e-03,8.380498903893966733e-03,1.526208322756023028e-02,1.026080009860645161e-02,1.737849042034833591e-02,2.018012894563029139e-03,3.940406290009274004e-03,2.067025780570908803e-03,3.004137140862981042e-03,1.693823540468466539e-03,4.088431843822097275e-03
8.748435544430538391e-02,2.935493742118092629e-04,3.209593746773307998e+00,1.487558071612827271e-01,1.593213760101643561e-01,9.446765732629904821e-01,3.562202635588443411e-03,1.315000000000000058e-01,-3.179598669530883015e+01,2.218774782243037258e+00,-1.198811191152155287e+00,2.284692949981931009e-01,-4.110270893998245745e-01,-9.150458605720286354e-01,-1.197589816447787864e-01,-4.198923320115490604e-02,-7.686525548149738540e-01,-9.373926831749844757e-01,-1.375608246718056961e-02,1.102378983741814783e-01,4.172699666862876855e-01,3.085366523531561829e-03,1.211700519014058093e-03,3.161179901737368007e-03,4.724370088968878750e-02,6.676421066441758090e-02,1.148769049240145994e-02,3.407913507680247756e-02,3.652969254154555308e-03,3.378935011612747667e-03,1.850529787848632967e-03,4.147473245620736035e-03,1.290235735599412799e-03,2.286507884086904502e-02,-4.130162703379224379e-03,-1.166003298894489166e-04,-8.340849977625807571e-03,1.127506671757164125e-03,5.378393304693538171e-03,-2.830867684523536917e-02,3.336829884505623073e-04,0.000000000000000000e+00,-6.681695307035557807e-01,1.069260264381981934e-01,6.794931714581700644e-02,7.569471218412567037e-02,5.425455456646586377e-02,3.914187981829417989e-02,-6.821669247128023250e-02,-1.710525570717947100e-02,-7.843799146065116856e-03,3.557770129669988318e-02,-1.604376845960439526e-03,-2.432448510341708812e-03,8.196109578107213176e-03,9.788884670410406309e-04,-3.249468092667177546e-05,5.489564598138692384e-04,-4.067621806045031499e-03,4.693057858207341608e-03,2.402666485514536043e-03,4.245338176340654295e-03,-1.134957811272504710e-04,9.472012474788460640e-04,4.646011669772791503e-04,4.966212930362214149e-04,1.592066193902047616e-05,1.997132747972429206e-04,2.104303820155502269e-02,3.089152940449446357e-04,8.176596036044012084e-02,1.830517385416891019e-02,2.995588879147212044e-02,1.433911647376204246e-01,2.492758413567898110e-03,1.224744871391590228e-03,2.036194751838350303e+00,5.302527611038274635e-01,4.457177586714995976e-01,3.419162117959462233e-01,2.912941866815190739e-01,2.570270698878419080e-01,2.069599175723294271e-01,3.081451396839203771e-01,1.840451335983101511e-01,2.376203726161864871e-01,9.677251948239842805e-02,1.874269751436865028e-01,2.122111561914286071e-01,3.045507743804009952e-03,2.020018773107575081e-03,2.161381431504503115e-03,1.299783883948930387e-02,2.166784591902930907e-02,9.415831833328482114e-03,2.459533319560433876e-02,8.962127573431545157e-04,3.203569134483878322e-03,2.005049565163069623e-03,2.627105871224582299e-03,1.508305580884025275e-03,4.658525632853812923e-03,1.677329855041534076e-02,9.607890618512074030e-05,1.078206115211992611e-01,2.174256733728541224e-02,3.317250281085633301e-02,1.028641319668761184e-01,2.634627922078034215e-03,1.581138830084190998e-03,6.089357722925835548e-01,4.027073536441893586e-01,4.796286054733057136e-01,2.401523882664022280e-01,3.000075880477469648e-01,2.911873307548950018e-01,2.236252176825031801e-01,3.736458687721115335e-01,1.941462504724489613e-01,2.800963133856462228e-01,1.249001332626702848e-01,2.365165894082910392e-01,3.131214047698415714e-01,3.330751919308098680e-03,2.967773957642822619e-03,2.987892958211962706e-03,9.761413438519725774e-03,1.797700306724017011e-02,1.230736655946272455e-02,1.801515170474904393e-02,1.197347157460663296e-03,3.360439702468652045e-03,2.838093536905376361e-03,3.193063650118860546e-03,2.335540279810654780e-03,5.524176129608694003e-03
