4.593241551939925005e-02,1.058236625530235564e-01,2.800531427039458343e+00,1.393873619509430617e-01,1.759931998437792300e-01,4.345712654153047194e-01,1.318049758365228419e-01,8.687499999999999389e-02,-3.632039732592635772e+01,1.576920682203423407e+00,2.220744142158112555e-01,4.541595230557161633e-01,1.472396369472115940e-01,2.282134847413614387e-01,8.683234262930689118e-02,1.704418461245301927e-02,2.676486367097287086e-02,6.011219470853279567e-02,2.646050823821811601e-02,6.720931781671242444e-02,-1.813087889897951194e-02,5.722511494333229302e-03,1.155425290199841226e-03,1.188359254843050217e-01,7.251494178136924304e-03,1.437191338692093111e-02,4.095942878315075170e-03,1.000214593469228169e-01,5.898104761823268248e-04,1.985955511955006351e-03,5.684153446840627816e-03,5.201354245137564114e-02,9.176192145236607145e-04,5.367830041964159055e-02,5.632040050062579566e-03,-9.752620275035959324e-03,-2.993982285137630761e-02,4.587500644811029656e-03,2.615934625108520600e-04,4.120847956066706758e-02,6.155326269025750054e-04,9.374999999999996184e-03,6.350252207135068105e-02,-7.559874116290470070e-02,1.012829898074596446e-02,-2.785910612516873325e-04,-3.726220967090364267e-02,-2.592153532391401269e-02,-4.165993043951395081e-02,-4.225256762317086690e-02,-2.917148573514618051e-02,-2.347546639914456848e-02,-1.217835501280569235e-02,-7.536446497183735618e-03,-7.578512741922519436e-04,1.720468496090583931e-03,1.159602157905495132e-05,-6.757135927508952289e-04,2.376972055078773773e-03,-3.217389201766297866e-03,1.412821106062895531e-03,-1.574605250939491814e-03,2.853250429266248299e-05,4.049053397090641017e-04,-5.563222860359444324e-04,-3.678859488217665766e-04,9.050889905669581219e-05,-5.999919273056963367e-04,7.028300583348583153e-02,1.157771439882651077e-01,6.690305440492011479e-01,8.734621255044509869e-02,8.140238169036050075e-02,6.968365145279942219e-01,2.912262613061031291e-01,1.394383264206796313e-01,2.663117172177175718e+01,1.547638090948871614e+00,7.219031046632583548e-01,2.265482981868751355e-01,2.329144328763828875e-01,1.751615914766647686e-01,2.409407969030314678e-01,2.342672166611593498e-01,1.539398066076373972e-01,1.396334397874318123e-01,1.017541972743395140e-01,6.789958412410489197e-02,1.460921081004959987e-01,1.106501033300847335e-02,2.511708640722950907e-03,1.258731731340023696e-01,1.445058757457400554e-02,2.638464285376732749e-02,8.800631504671656627e-03,1.003938742175710802e-01,1.191040291130633253e-03,3.040979758863619157e-03,6.396091291100736848e-03,5.910788103622747341e-02,1.321834191470876076e-03,3.321257816978234745e-02,5.380198869066851047e-02,7.888515618762470538e-02,7.534167383390184547e-01,8.778969875142110524e-02,9.226670258187018303e-02,5.413122051143032243e-01,4.306263673611016030e-01,1.071939684637153445e-01,2.302497962545842825e+01,1.288118574829245633e+00,7.359009852815427966e-01,2.424715568681372613e-01,2.307289125368251481e-01,1.689237265176030400e-01,2.883178194915078651e-01,2.875016706349828866e-01,2.046072086080995833e-01,1.527159846452638969e-01,1.146326035017131706e-01,8.986890472840149136e-02,2.167965373623941538e-01,1.404982570423038250e-02,2.801137242730897432e-03,1.322232710308129111e-01,1.831426281237426984e-02,3.111709544891610654e-02,1.114182373495353935e-02,1.170338445706857605e-01,1.490947260293333824e-03,3.313778334447086641e-03,7.294279937484813604e-03,6.713549459307371903e-02,1.021426380438483208e-03,2.375510245131769171e-02
1.651439299123904636e-01,1.085233532231187487e-01,2.730982243871492354e+00,2.538449888370005181e-01,2.133860195791566772e-01,1.053404281484212834e+00,2.737964388010034195e-02,2.638750000000000262e-01,-2.491230302180962042e+01,1.131087504243210917e+00,2.275706807196966608e-01,2.922413247684369497e-01,1.018954994565088173e-01,1.975215429617874774e-01,8.139228247495308710e-02,5.324781048771239089e-02,5.328955601353838750e-02,1.374592980361771244e-01,4.786883489458869378e-02,4.603476771759584807e-02,1.109011747813875085e-02,5.772510091590808516e-03,1.677825027287011385e-03,1.080175521187960452e-01,7.408543614223969502e-03,1.415759770075252812e-02,4.313056953466587809e-03,8.365683064736539887e-02,7.935953838230147333e-04,2.184278501399895996e-03,5.848243818708079127e-03,2.526528452569724512e-02,1.127819177549750033e-03,4.154155725948135980e-02,4.443053817271588705e-03,-5.860746825710610737e-05,-1.322968016234327083e-04,6.464839877025063415e-05,-4.957628146358833150e-05,1.762177426392386214e-03,-4.921122090377784419e-02,5.000000000000004441e-04,2.182114455874462067e-03,-1.828871607423798685e-03,-5.029662580750493767e-04,-6.571760040446905818e-06,-6.163200459923745761e-04,1.969233323208704513e-03,-5.042054991508781569e-04,5.647791553470338016e-04,-6.626600259389547887e-04,1.497196274215650737e-03,-4.126546156147575589e-04,4.801459394669700567e-04,-2.739687932568971029e-04,3.978850542886505366e-05,-6.678098372449206223e-06,-4.864252133328777767e-05,-1.714080790655818365e-05,-2.015033117873897550e-05,-7.613511399399350017e-05,6.996311030955416560e-06,2.136697964775201206e-06,1.469605734525907642e-05,3.479282272187754450e-05,-3.694649187941604490e-05,-1.576658827618277000e-06,-1.205442894367247874e-05,1.906656783977079550e-01,1.138034274122620843e-01,7.131216821121207916e-01,1.550437515366825947e-01,2.801450761772416101e-02,1.073920759306010275e+00,2.909728048254070151e-02,2.905742966523364168e-01,3.373315181305025945e+00,1.728594800725220093e+00,7.156649090079912900e-01,4.298596385358811056e-01,2.576007103466183557e-01,2.231422130753195343e-01,2.615057874248042924e-01,2.581278195240950257e-01,1.736075932548225287e-01,2.072370412592408340e-01,1.537207816562918550e-01,1.182932698351486234e-01,1.749931233587661283e-01,1.114403149758711430e-02,2.523288276651994115e-03,1.274295612871450267e-01,1.431549242462607646e-02,2.640381419564410276e-02,8.464703467853159496e-03,8.740259862850727202e-02,1.173405160659788402e-03,3.019567323659314104e-03,6.249744037109986744e-03,3.659649587316244485e-02,1.248398894486663730e-03,3.774623876890564889e-02,1.303331625494049129e-01,9.043805875106403214e-02,9.024927340355790584e-01,1.121267155969496304e-01,4.178806099493408838e-02,8.161541991073528735e-01,2.117381422946446046e-01,2.137896162118263776e-01,3.560531221323350426e+00,1.452423943917711568e+00,7.047605869407290724e-01,3.287176010617059996e-01,3.210617454585422692e-01,2.629012578023684488e-01,3.917674850437234402e-01,4.019210375914394895e-01,2.817886580883356418e-01,2.959304709271392553e-01,2.586340071913398875e-01,1.703982289076586276e-01,2.460481254215754476e-01,1.607401471342774155e-02,2.989770759882660802e-03,1.334152220236401176e-01,2.099811980179833518e-02,3.425099832738472821e-02,1.242114441356152038e-02,9.952992473174444854e-02,1.521448117093095317e-03,3.833270017021637738e-03,7.507749851549435326e-03,4.980065817819469276e-02,1.008351099963749730e-03,2.797221419842856743e-02
2.294117647058823428e-01,1.051884317041373862e-01,2.933460417143279209e+00,3.006092946929927456e-01,2.221310906738392654e-01,1.393017002422585193e+00,1.959661298175460059e-02,3.531250000000000222e-01,-2.467198224876905144e+01,6.765829052737195592e-01,3.030080073253639261e-01,1.147799316762433686e-01,1.414586459914206687e-02,2.104518282251828798e-01,1.065549816766788449e-01,1.496377690552540829e-01,5.145350179408362395e-02,9.199804618659493394e-02,6.577668199778410885e-02,9.944401396780641611e-02,-3.752146163708482834e-02,4.437631637844956581e-03,1.157610613936522603e-03,9.865055211280436553e-02,7.298110332894153229e-03,1.533747110490125964e-02,4.699997107539854654e-03,6.787906308181945736e-02,9.430194028549486376e-04,1.317370490394598843e-03,4.130812276377465384e-03,2.395027200824368860e-02,9.959289341090714343e-04,3.705274763850727182e-02,5.381727158948692961e-03,-8.647270394921198911e-04,-6.927641952626228776e-03,8.586473117362491535e-04,4.144697351921231010e-04,5.598536718025526500e-03,4.406383461951629554e-05,1.375000000000004040e-03,-9.356502519366750176e-03,-5.866867076679271875e-03,-6.883869641411122058e-03,-1.386880927698140933e-02,-1.302350906731097879e-02,-7.464884885372269178e-03,-3.921740587602045962e-03,-2.299466699570501364e-03,-1.112062286317777680e-03,-4.307356743584100575e-03,-3.258932501802544370e-03,-6.739872127618007141e-04,3.533295486511112311e-03,-9.028949501954572614e-04,2.279625459776858765e-05,-7.539734026076411405e-04,6.836989202720674796e-04,1.559231933415141302e-03,-4.426761596656576228e-04,-5.883184864379636947e-05,3.240191213053239103e-06,-5.690233466114761506e-05,-1.482604186078635353e-04,-3.554185297987955236e-04,3.254444708806464830e-05,9.047595900716648854e-05,2.027704762695391738e-01,1.154081868317169135e-01,5.343891745738610366e-01,1.566790523242223843e-01,1.245115958392887384e-02,1.194588582981548130e+00,1.819681520236525810e-02,3.084992655988016974e-01,2.332008571886293069e+00,1.840838963852635457e+00,4.729722816295404142e-01,4.674085834522028193e-01,3.456238339615466670e-01,2.493475511164685299e-01,2.846316241657366741e-01,2.681877295933662864e-01,2.062405214177815416e-01,2.484147230740701429e-01,1.682105382530452997e-01,2.040288999195455366e-01,2.364629474967694378e-01,9.009501925417185211e-03,1.023984290461203619e-03,1.279657965160025668e-01,1.647618027084296263e-02,2.810172672416600542e-02,7.519228477063759353e-03,7.257043125402658224e-02,1.231243006917915163e-03,2.364905228013452348e-03,5.766244156018038129e-03,3.663041730898570353e-02,9.203133123689675749e-04,3.657321864586761395e-02,1.438178265201803252e-01,8.764130483546193895e-02,7.764522324448109858e-01,1.229929373492828493e-01,1.622890939246292297e-02,8.967303208286873106e-01,2.411666472534583147e-02,2.439409188205209633e-01,2.933754539397068317e+00,1.492628220741293532e+00,4.665413910456452928e-01,4.164813746149468310e-01,3.537034446011988464e-01,3.001886319697541494e-01,4.162688824606872173e-01,4.125638133602105295e-01,3.398820336252037499e-01,3.013342902711661497e-01,2.969105883418334257e-01,2.655479658772886831e-01,2.998661187584465426e-01,1.443805282004742389e-02,1.201019679567860753e-03,1.332010875847286779e-01,2.265500108028725007e-02,3.606330272504789519e-02,1.140414593488616596e-02,8.549621398256759819e-02,1.434954291306587363e-03,3.693329422004839897e-03,7.170072264251771930e-03,4.940418736689667495e-02,9.528530608343034483e-04,2.839592464623250448e-02
1.110763454317897220e-01,1.023621251811249327e-01,2.970933012565255105e+00,1.875381710284120262e-01,1.857339432842636251e-01,7.796491671766435649e-01,1.181946558866588948e-01,1.777500000000000191e-01,-3.583999468962458224e+01,1.154863092267365499e+00,2.868912314014354092e-01,2.545363843193239606e-01,2.118728924215464507e-02,2.241961318553559457e-01,1.139215670016168608e-01,1.411196844770942482e-01,3.605914408303457358e-02,-2.753860628814017251e-03,2.243655916781447240e-02,1.118490837606947730e-01,-6.125306700018634531e-02,3.698609494937328372e-03,6.168679598227651056e-04,1.081449779676650624e-01,7.699168872361848714e-03,1.663556223260249239e-02,3.848061364652547583e-03,7.829190752196921177e-02,7.314517811204940658e-04,1.141444266342910756e-03,5.016430162356229697e-03,5.408167494681796056e-02,7.935830138970763553e-04,4.881284598803339175e-02,-3.629536921151441196e-03,-9.082852428285451358e-04,-8.203317155066591412e-03,4.989377294412122637e-04,2.117749663708534788e-04,5.342312989746839276e-03,4.940840405086104753e-02,1.124999999999994060e-03,-6.762845980014020424e-03,-8.078236216653789450e-03,-8.923493391082037637e-03,-8.291626095770558008e-03,-1.074006684066329022e-02,-1.115334549562709693e-02,-2.943788137168979000e-03,-1.995426548741990934e-04,-1.181521078812219818e-03,-5.962697117415358128e-03,-2.034326716977362393e-03,2.342259866564798331e-05,2.830302384036675542e-03,-8.544496814933777527e-04,1.293107863104389478e-05,-8.063043029365481174e-04,6.399106564283930237e-04,1.575685801871332852e-03,-4.906849709366431717e-04,-1.938134709680884446e-05,-3.780945170306880712e-06,-2.545762013396752347e-05,-1.660308093422898908e-04,-3.382995860225140655e-04,1.373006400899054737e-05,8.517434270009695968e-05,1.580572179452904014e-01,1.165433901235445741e-01,5.658216174864202364e-01,1.363855119026076146e-01,8.117668546971432142e-02,1.087875609136855992e+00,2.835068372451556851e-01,2.488120525617680268e-01,2.664395981086030574e+01,1.844078207628569555e+00,4.709780770178494946e-01,3.618955454479843570e-01,3.332485219521216235e-01,2.229051551970170908e-01,2.797307038071795704e-01,2.758292397862782686e-01,2.007892514082258162e-01,1.693155965615201208e-01,1.243334245537696670e-01,1.764144956348692173e-01,2.124046822586156402e-01,6.200619797552152888e-03,6.731344801328807562e-04,1.298841000319315431e-01,1.833925074946362102e-02,2.864265237876764680e-02,6.244829417500946493e-03,8.385469758037443488e-02,1.274588820897418944e-03,2.271263805086375532e-03,1.036009852858061839e-02,6.707630341947835861e-02,1.003061767804188254e-03,3.384388615427611630e-02,9.588805350813160711e-02,8.717395671056335504e-02,8.103722117224498867e-01,1.002315312142293829e-01,7.912187495664715908e-02,6.976623087728273109e-01,3.657267135514289391e-01,1.683067790524196694e-01,2.318774706103787864e+01,1.401623051211287274e+00,4.748501503046095307e-01,3.436584006893722010e-01,3.527877916078739351e-01,2.701687455691457185e-01,3.864997347292711272e-01,3.854130702107645412e-01,3.236954335804794747e-01,1.899289197257724160e-01,1.883662584305370868e-01,2.240754874029410593e-01,2.820398260609893737e-01,1.053155324693684156e-02,6.211634295180032926e-04,1.279491309001501986e-01,2.584135128438931617e-02,3.511451751632107404e-02,9.666576392687496744e-03,1.020228540814800827e-01,1.406519955425992834e-03,3.432045523732841271e-03,1.439206173741200585e-02,8.171004109023545514e-02,1.105622583271314392e-03,2.578401467470735342e-02
4.693366708385481034e-02,1.057510707172745895e-01,2.685411029829016361e+00,1.425946406492791529e-01,1.790275460882083391e-01,4.526796521255400663e-01,1.220148139347812244e-01,9.062499999999999722e-02,-3.586279675495772068e+01,1.618551883534835367e+00,1.699475168491934307e-01,3.784008230137165252e-01,8.539652527005360538e-02,1.619406744859024083e-01,6.223354251561051542e-02,3.726354066704683221e-02,2.888078616316722830e-02,2.327288624761471303e-02,1.299977802043780772e-02,7.045650442099185562e-02,1.700389202456905474e-02,4.089911792917414780e-03,1.126476667904018937e-03,1.170231940982354724e-01,8.497307862010344132e-03,1.669342463088131431e-02,3.192139635611076446e-03,8.871860502466755172e-02,9.146918408891316831e-04,1.928538198320333937e-03,7.505060128565210591e-03,5.842001450439184701e-02,1.188305032236565157e-03,5.297327112729012522e-02,-4.881101376720900671e-03,-2.847586532054996320e-05,-1.278282580059464447e-05,-3.509683796064242073e-04,-3.231351591920561322e-04,1.324168025364824740e-03,-6.220645985192969484e-05,4.999999999999976252e-04,4.732921911625886935e-03,-1.068277416715535198e-03,-1.861175204179055243e-03,6.693715793089332743e-04,3.606594586818781360e-03,-1.688386096430553266e-03,-3.805289619976004348e-04,1.685336680956209341e-03,8.785149327543873444e-04,-1.416773656821523843e-04,1.027739663918558687e-05,4.996686975340114547e-05,2.921258374770961154e-03,-8.689812124194686862e-05,-1.963341185665665419e-07,-5.687071229386678026e-06,-5.449121767326474544e-05,-1.799396598279799056e-04,-1.377606410369157787e-04,1.314403072066346447e-04,-8.468613202195158021e-06,4.301895669052314145e-05,7.016784136537833588e-05,5.132126039558955677e-05,-2.177168019859055965e-05,-3.541993112487588642e-05,7.071117654664918484e-02,1.146345052588517155e-01,9.401322718196802875e-01,8.627121548976220133e-02,8.073137618403153359e-02,7.270558414645176271e-01,2.824598529257482116e-01,1.436681832383217561e-01,2.666897893353817395e+01,1.703534564076135682e+00,7.779943982175449024e-01,2.099704428532342126e-01,2.502790987473529349e-01,2.122768431348590890e-01,2.716377059123126769e-01,3.201674224172293970e-01,1.976488913242373247e-01,1.345603678458526797e-01,1.316898064841834082e-01,1.442277901202689283e-01,9.742426776994650428e-02,6.044817591541474730e-03,2.162656470334956092e-03,1.314948943377593493e-01,1.820845803277431826e-02,2.718120861847953679e-02,5.586651882685180794e-03,8.960209412944117324e-02,2.137270249710482468e-03,2.855884101933792076e-03,1.316820238388258756e-02,7.294196843574837774e-02,1.928404373318523112e-03,3.414325772512440821e-02,7.508437570385675941e-02,8.950787867485697491e-02,1.116682351342055179e+00,8.247931571863270639e-02,8.295676412150485013e-02,6.247387750654409544e-01,4.273865111929660010e-01,1.230157510240050545e-01,2.323816858815760966e+01,1.463891988250399789e+00,7.648636858999176003e-01,2.337757803784705490e-01,3.551510069462481822e-01,2.375791705455354286e-01,3.700168428080382599e-01,4.316386685451386040e-01,3.170187991583159892e-01,1.960101329548157578e-01,2.098176337450373130e-01,1.971248654417516732e-01,1.501438893610783087e-01,8.006628222761304203e-03,1.908787724738349309e-03,1.245472950911400145e-01,2.587124537133497770e-02,3.131363817611849260e-02,8.186546942649293099e-03,1.107788019354928738e-01,2.843584488479591540e-03,3.493111077817963143e-03,1.897549006523996037e-02,9.423197704786966111e-02,1.859658054314011332e-03,2.698227074734738454e-02
4.618272841051314359e-02,1.057289928199343781e-01,2.685931691735895299e+00,1.425880844468666031e-01,1.790029806654298006e-01,4.528942173465056453e-01,1.220016837475245836e-01,9.075000000000001121e-02,-3.586106081442098059e+01,1.616760892566887264e+00,1.712156547492721392e-01,3.764210545359554239e-01,8.579977181348327764e-02,1.622374066927579350e-01,6.258602689089529103e-02,3.744999733119995511e-02,2.733231080976407032e-02,2.667551164277934261e-02,1.206554738711674256e-02,7.259211055385852984e-02,1.778126443303414128e-02,4.001226075342122386e-03,1.127231110208814753e-03,1.170609103238474669e-01,8.480781843635116363e-03,1.670316025483165739e-02,3.223947950263905769e-03,8.879900820566602460e-02,9.212317648003886042e-04,1.902912877529713484e-03,7.482931036667814576e-03,5.845189731516334947e-02,1.186021435221777881e-03,5.299443419918289239e-02,-7.509386733416778103e-04,6.551511330163128650e-05,1.230139051302758747e-04,-1.488452827547171004e-07,-2.598068033141803790e-05,2.673625181324190692e-04,-4.687687457860523380e-06,1.250000000000014934e-04,4.383189842535273545e-04,2.621657763642981751e-04,7.430854434418487703e-04,-1.834116862491796843e-04,8.816691945991550049e-04,5.051062537142464014e-04,2.522374817303107974e-04,-1.515326039712197505e-03,-4.156394210492769694e-04,2.088482145919529076e-03,-1.589446967874733161e-04,-6.414051899535286577e-04,4.866912749217120024e-04,-7.131784479674271448e-05,7.688565001197572503e-07,2.232419508109116522e-05,-9.369249102872400938e-08,-5.798850291587401115e-06,3.155702862792392763e-05,-5.422109992682909271e-06,6.541244617843680080e-06,-2.561197525481001758e-05,3.794397365824942871e-06,2.545456104637855568e-05,-2.272126189118719129e-06,1.016072347616997495e-06,7.022035078689072007e-02,1.144803324517801590e-01,9.393322049651993133e-01,8.622237417555822514e-02,8.063087006511819588e-02,7.272831514070087211e-01,2.826111339635371533e-01,1.437947756352782325e-01,2.666950726179059927e+01,1.700588756571398852e+00,7.795837841059445328e-01,2.077464373404258879e-01,2.474616909101939599e-01,2.116001810124464588e-01,2.708781126411300977e-01,3.252309085359842977e-01,1.973859923878971412e-01,1.316464160906197778e-01,1.329898796982093845e-01,1.432650857387226806e-01,1.005755983495485034e-01,5.826269255168968660e-03,2.162734144359171242e-03,1.315301248498553233e-01,1.821425500881701520e-02,2.719954342500753575e-02,5.679991688080244377e-03,8.968117337378370135e-02,2.136260462868171811e-03,2.798961942314873250e-03,1.311254571682392636e-02,7.289030912354355074e-02,1.927239610487534085e-03,3.415444646757025832e-02,6.203190817349820557e-02,8.942104242725627816e-02,1.115079464299363110e+00,8.195023965728225057e-02,8.256790700398643212e-02,6.272487392037668918e-01,4.276030912343413148e-01,1.241356994381551809e-01,2.323821186201674038e+01,1.462795230666759538e+00,7.653534246820008491e-01,2.300070975790582672e-01,3.427638333958646366e-01,2.405273489431092870e-01,3.709616297038813570e-01,4.324343425984472078e-01,3.138985369642860457e-01,1.971013944050629407e-01,2.096924585595912605e-01,1.967612609200924123e-01,1.577713020913196762e-01,7.699332517050761285e-03,1.908979686333750134e-03,1.244885735825626699e-01,2.576986868610310621e-02,3.149755674516453718e-02,7.941896851413310018e-03,1.108287711660294744e-01,2.843296541996326223e-03,3.514103568348290064e-03,1.875223520091683777e-02,9.407484333225807349e-02,1.832433143768457057e-03,2.699393042916116772e-02
1.376720901126408068e-02,1.014095847818833607e-01,2.898135032534867594e+00,9.908182017515609896e-02,1.501092556882245854e-01,1.458675036873804121e-01,2.169979401053242773e-01,3.212500000000000078e-02,-4.718348974442029231e+01,1.840662847850232708e+00,4.005669150326000572e-01,3.545849276505397274e-01,8.354464071160329353e-02,1.567635867912943737e-01,5.075330093489222039e-02,9.935496411805289085e-02,2.922492927339464044e-02,4.211641708740461454e-02,-1.254936033156021577e-02,2.558599775468500120e-02,1.938046705526105806e-02,3.622091437530919507e-03,2.642756853879288793e-04,1.159847490981954082e-01,7.014734154301802138e-03,1.629894588583352330e-02,2.402204713077935039e-03,8.742909384031387343e-02,1.307211151227592912e-04,1.061354962259247140e-03,6.010372949488891961e-03,8.224933914379850552e-02,3.805521736456263454e-04,5.946074839316199678e-02,-1.814768460575719947e-03,2.540665990442766907e-05,-2.073586248731373698e-03,1.401418158303371908e-04,6.426306797052694364e-05,-5.718042635379672490e-04,4.952998750580679677e-02,-1.387778780781445753e-18,-5.186377940592734603e-03,-1.406967495356392693e-03,5.588907703792556081e-03,1.130733726709870534e-03,-2.350805637910924253e-03,1.170781855239921929e-03,-5.416165981595166823e-04,-6.026102814151085068e-04,2.836522617837733298e-04,-1.108053966547749292e-03,-6.625569253663643899e-04,8.845671485906879883e-04,-5.478895785838951756e-04,8.789856185202615801e-05,-5.390577216573145736e-06,-1.114271292214363829e-07,3.914230928688776639e-05,1.561590285984147675e-04,1.087209549471373327e-04,-1.159087203902092798e-04,4.769556308418994531e-06,-3.520958957606082487e-05,-8.744334224448863178e-05,-4.792224588312660318e-05,-3.149963495995477744e-06,3.255287585215461965e-05,2.734031022961331409e-02,1.171448190542270229e-01,7.321693649349729771e-01,7.510009618286467292e-02,1.023430263921669275e-01,2.942330218202438008e-01,3.758706314598771470e-01,7.012165767435905861e-02,3.402792650047966561e+01,1.341388468624739483e+00,3.687150568810623752e-01,2.471838749250928058e-01,2.318528307132806388e-01,2.051176372788094671e-01,2.596150346103689444e-01,2.658712193251535627e-01,1.680741950832694009e-01,1.198718901995833724e-01,8.874923557376075689e-02,4.698049692488854429e-02,6.623355881286449587e-02,6.198472655743896692e-03,3.684530590391532092e-04,1.322022055670176721e-01,1.847947362191088710e-02,2.771137693261848875e-02,5.937688042319456960e-03,9.068710814849788304e-02,1.976070625325196698e-04,2.235407992744732793e-03,1.337619575209168105e-02,7.834341803113052671e-02,6.387001199677460987e-04,2.740839330868058768e-02,4.320068924838803975e-02,8.784783923042545351e-02,1.049056697467022126e+00,1.003112485813371091e-01,1.104485070415768128e-01,4.441450087915067568e-01,5.625640180757531805e-01,1.033198915988591260e-01,3.268360039512416648e+01,1.142963525275223269e+00,3.680367826951520538e-01,2.190301228943958844e-01,3.269086835028978122e-01,2.359780062883155838e-01,3.624309973293949882e-01,3.850275090256864430e-01,2.602071806461765946e-01,1.717598629011095335e-01,1.049667044865459781e-01,5.349484966212580267e-02,1.052392918171077413e-01,7.928205435333141732e-03,5.780910389066290902e-04,1.250081916382409231e-01,2.740664921349280844e-02,3.219319592417305836e-02,8.715520945873748287e-03,1.116059731118891341e-01,2.973908998398216573e-04,3.322032230206313150e-03,1.887336078566021272e-02,1.043625687430468629e-01,9.703997891401504056e-04,2.359013166863645206e-02
1.514392991239048823e-02,1.016481260905148370e-01,2.897679641331206035e+00,9.903349338490871623e-02,1.501043154921341549e-01,1.448674567575530536e-01,2.171012525618617184e-01,3.200000000000000067e-02,-4.718417008016693615e+01,1.844034888165427377e+00,3.987296492370532297e-01,3.563657962364286114e-01,8.228025984660167214e-02,1.556621138855173447e-01,4.998513866270519468e-02,9.865335576371588033e-02,3.298361995434463678e-02,4.115576111738736970e-02,-1.341630481717558110e-02,2.068040064893143098e-02,2.188440334682395863e-02,3.693471979185029754e-03,2.686726693827554070e-04,1.160241341224269584e-01,7.073509157105728126e-03,1.621597981733157584e-02,2.356409000386526162e-03,8.743132082628360391e-02,1.269645667882996973e-04,1.081797259349755874e-03,6.015221947502562803e-03,8.222769544279238951e-02,3.850212349372747521e-04,5.945713435649289252e-02,1.251564455569462945e-03,4.565480442042038487e-05,1.332749823591772244e-04,1.988822168008386250e-05,4.871834126746743407e-05,-9.727184191124671909e-04,2.490469154784458048e-05,-1.250000000000014934e-04,1.515398691530833676e-04,9.118272094992607496e-04,-4.719091610350778618e-04,-9.674809653936911492e-04,-9.544863065298724979e-04,-8.785795911408766923e-04,-1.639235104878511374e-04,9.123998084414914212e-04,7.595931089170420824e-04,-4.107295366094734670e-04,-1.509506648642341964e-03,5.997675180238748460e-06,9.742774979484005674e-04,4.817474424136085765e-05,4.191144948790376167e-06,4.918012918754474932e-05,5.356069553800017622e-05,-5.037351129323561487e-05,-4.602323353635386641e-05,3.020690092915331030e-05,-3.088548500079058578e-06,1.931772300453136467e-05,-3.277617061776296084e-06,-1.403364130999895721e-05,4.789893897424318475e-06,6.932803353342300964e-06,3.092630711461330506e-02,1.174491853116754747e-01,7.337376618649802396e-01,7.515942415693500911e-02,1.023920724020305900e-01,2.914273174726841331e-01,3.758366091330599956e-01,6.975672010638114817e-02,3.402742428344566861e+01,1.345242544303452803e+00,3.660817605501769378e-01,2.499929701382943570e-01,2.343520570052605723e-01,2.062515978453616505e-01,2.596270016196243757e-01,2.612265711564837889e-01,1.696257056670272823e-01,1.200044713916262606e-01,9.156230315476522608e-02,4.960417852242153536e-02,6.509712600502588764e-02,6.348028833622303482e-03,3.799729087696954145e-04,1.321323067527239159e-01,1.863855014748510078e-02,2.756148564859709632e-02,5.801405024827910491e-03,9.069106302270950326e-02,1.898294012267547840e-04,2.295712527238067541e-03,1.339375385536296058e-02,7.839461068203329441e-02,6.527629072199629809e-04,2.740437134660280924e-02,4.139633393877653611e-02,8.820376884674954732e-02,1.052651116979562707e+00,1.005833392922822062e-01,1.106588535977114096e-01,4.407763829543166478e-01,6.044936928958198896e-01,1.030335958559148724e-01,3.268646962957971169e+01,1.150897912469070361e+00,3.674389274485460044e-01,2.179992562328524064e-01,3.358831379864949396e-01,2.338066185263569519e-01,3.635790658040788936e-01,3.822954158092854438e-01,2.620992401543497663e-01,1.727871753897723683e-01,1.102710497872531753e-01,5.548262113651993704e-02,1.028180986335728297e-01,8.168547207515069325e-03,5.765817883418605967e-04,1.250662086590072219e-01,2.760124141438839718e-02,3.186307849991811686e-02,8.844609788063093753e-03,1.117059125958278221e-01,2.999261942850919762e-04,3.297471483650914192e-03,1.907640039371549107e-02,1.044829257275171480e-01,9.751973534144115809e-04,2.357838619215367471e-02
4.780976220275344468e-02,1.059643465537710438e-01,2.687551248634867385e+00,1.427711114499579104e-01,1.791705864953165583e-01,4.516174292473164043e-01,1.220675082526203603e-01,9.012500000000001066e-02,-3.585816738956487626e+01,1.614208823906145840e+00,1.804739380690989770e-01,3.825996877722448453e-01,8.614326034404276577e-02,1.563643414971527812e-01,6.005233410857339221e-02,3.551253600966586266e-02,2.771710976089854922e-02,2.320091338652421203e-02,5.509444487112871366e-03,6.964928853652210816e-02,1.442958390971918990e-02,4.131628609626705056e-03,1.115485604837499790e-03,1.171356912273463086e-01,8.569550188541713923e-03,1.673929552864773102e-02,3.291682693223490531e-03,8.865712013441676143e-02,8.818674535349773063e-04,1.934977772024639581e-03,7.532918712278666162e-03,5.836926376483470014e-02,1.180428412589525989e-03,5.304929752821929689e-02,2.065081351689612623e-03,1.139479058093195718e-05,2.059162096018840680e-03,-1.917893192584431308e-04,-1.221792775738805847e-04,-5.083476478397463971e-04,-4.952774487776708673e-02,-5.000000000000032630e-04,4.094492442330022360e-03,1.857444763909255167e-04,-5.345430022576857891e-03,2.866054936070008656e-03,-5.796256369784480228e-04,-3.714311283899249250e-03,1.909293246772697603e-03,1.903853225050805521e-03,-2.110483471340365846e-03,5.169023629373548307e-04,-1.494652558618392389e-03,1.141066059922804608e-03,-7.782288577352833563e-04,-3.759446595541088558e-05,1.289327392627135552e-07,-1.335811148193293582e-04,-2.410654923491739599e-05,5.337656073837460238e-05,6.620450462404159708e-06,3.870971306363206466e-05,-6.171677241394342597e-06,3.462131269227988501e-05,4.627331266352490834e-05,3.374937859122106789e-05,3.233376882701751475e-07,-1.587486814206891809e-05,7.096116613895876724e-02,1.145970321036382938e-01,9.393589449939674374e-01,8.616624553528758057e-02,8.057170973363894650e-02,7.269357976839760926e-01,2.826018224575359561e-01,1.430919175739845950e-01,2.667065629286926054e+01,1.704602483883792985e+00,7.631045666421876206e-01,2.141331704198988772e-01,2.555128323468526252e-01,2.145769642661647658e-01,2.687207887934855433e-01,3.184076453098403925e-01,2.024298435903998661e-01,1.339163740234915745e-01,1.292513210858373396e-01,1.369457798424737749e-01,9.258349147801581136e-02,6.116172803912377220e-03,2.132669519273064449e-03,1.316657591351081125e-01,1.842163277632664908e-02,2.729409500394378019e-02,5.862954440770069831e-03,8.973681199086096238e-02,2.051445761192535050e-03,2.823988606676792069e-03,1.323555153207986446e-02,7.302272717229738030e-02,1.938757555013937307e-03,3.414955454711699617e-02,5.806810624219532757e-02,8.943605586042212285e-02,1.116705216413044655e+00,8.204455966473372941e-02,8.240787123324046226e-02,6.281586688192951629e-01,4.763484891111979813e-01,1.241838355020491308e-01,2.324307617204407705e+01,1.463927429122664714e+00,7.410861057704011268e-01,2.414548481917143941e-01,3.639030614328466195e-01,2.383211211211059555e-01,3.717466340754527199e-01,4.229477136453017039e-01,3.197527357720285068e-01,1.924465465004612519e-01,2.038668654243409040e-01,1.885722664354301525e-01,1.460431572440683834e-01,8.050293273576468803e-03,1.880993455964240831e-03,1.247300773193942419e-01,2.611164724649877450e-02,3.147932375001174371e-02,8.212273882446380693e-03,1.108829787801614425e-01,2.740324427900443088e-03,3.389209882283086232e-03,1.910721757149396599e-02,9.431634660279160365e-02,1.881006778062020149e-03,2.704782713557281684e-02
1.637672090112640699e-01,1.084590499980862821e-01,2.694640523156455192e+00,2.499811022027614293e-01,2.126493709341267802e-01,1.069591160942380048e+00,2.770138977210601788e-02,2.688750000000000306e-01,-2.476646657892735703e+01,1.293845193467016763e+00,2.475880455048546092e-01,2.654114519177186993e-01,7.880177356580067571e-02,1.672136435137701327e-01,5.315385726415111645e-02,5.596629115811494609e-02,3.119734982937994935e-02,4.848835059616187632e-02,6.919484646809520925e-03,4.552815806351135502e-02,5.061870856031565336e-02,4.221430469244490460e-03,1.810187054229121188e-03,1.058132585741769771e-01,8.715831209634624169e-03,1.669771903357802900e-02,3.538638790375221634e-03,7.471222308170996640e-02,1.069791001510248798e-03,2.121685150008293871e-03,7.704288631625877577e-03,3.155478491678351954e-02,1.427676627947686806e-03,4.147865022280908948e-02,4.380475594493113585e-03,-9.071665794394210267e-05,-1.318785687225876193e-04,-6.585940879088037208e-05,7.540834206851421411e-05,-1.185546594102970808e-03,-4.946714793117289177e-02,-2.500000000000057515e-04,-1.523223233967563404e-03,1.055356051432054711e-03,-6.898352975307997731e-04,3.500675656361473711e-04,4.486332746900467900e-04,1.089498989893233948e-03,1.766374694471300913e-04,7.419068953349317042e-04,-1.415258164121313512e-03,-5.384641776923438034e-04,8.479503233534246408e-04,1.406346009469594538e-04,-1.843186361071494448e-03,1.794015781533021893e-05,-1.528588773319251864e-05,-5.149375627343348854e-05,7.260204814979465127e-06,1.040764175931567476e-04,3.713450113260047123e-05,-4.419902482474778873e-05,2.517261365263880467e-07,-3.796047736557245464e-05,-2.551302435654630341e-06,2.699758175560649303e-05,-1.048063227588381488e-05,1.195202763459597001e-05,1.868968685897651472e-01,1.123906154392512735e-01,8.544065389960915358e-01,1.541256511501807869e-01,3.018613380895632942e-02,1.094767421528364704e+00,2.668184125876091675e-02,2.942166240629512930e-01,2.621665776431486794e+00,1.827459036817658866e+00,7.752340415784777505e-01,3.787890869611592048e-01,2.694629823431589632e-01,2.312557440502874817e-01,2.858608139444444030e-01,3.219504304534791528e-01,2.138727845171999875e-01,1.616189632966900935e-01,1.581071433908478041e-01,1.664388943292599565e-01,1.423662477171815099e-01,6.087637802404923665e-03,2.238816765270480041e-03,1.315990301918577854e-01,1.838199293328716261e-02,2.769163923500144592e-02,5.871331951791676322e-03,7.969047852764361839e-02,2.047196369049340391e-03,2.661523045395578629e-03,1.305711698266403403e-02,5.922075349607160838e-02,1.862891946586258144e-03,3.876245774174800346e-02,1.257193224976448920e-01,8.890514327583855236e-02,9.710950095692675310e-01,1.062381142896404035e-01,3.850686120658123462e-02,8.354958376601603343e-01,2.116560899541141405e-01,2.168076624568421595e-01,3.347557429096221338e+00,1.511488634321523916e+00,7.547471200130722035e-01,2.948842137373364758e-01,3.632911427022693651e-01,2.586295275747967359e-01,3.846457146245104708e-01,4.490548089045440783e-01,3.408075838794718537e-01,2.445790221869534042e-01,2.573394124611415590e-01,2.097123060862336463e-01,2.103227601795983892e-01,7.850231818921495769e-03,2.092007843714821860e-03,1.309955310200318912e-01,2.599353810802210868e-02,3.174933407756470177e-02,8.125016818138335387e-03,9.788718061976053875e-02,2.803879005203491724e-03,3.295573877981616221e-03,1.886768088348321146e-02,8.263452127037600181e-02,1.825890034863892524e-03,3.127140149495084842e-02
2.265331664580726156e-01,1.054337551203277518e-01,2.990033796566601509e+00,2.903730548508892118e-01,2.168448519074145098e-01,1.395943640609996983e+00,2.792666556641840159e-02,3.576249999999999707e-01,-2.479545833059149373e+01,1.006897889748692432e+00,4.312874853829207211e-01,1.686173312889729103e-01,2.030338140202758712e-03,2.319578246939005273e-01,9.674795536229272019e-02,1.724685929625046077e-01,8.160049816467286610e-02,4.950253864126088338e-02,-3.324539344865557605e-02,7.118184443958144869e-02,-1.749027067003893279e-02,3.769257884055838333e-03,1.289765970422631367e-03,9.570142374895915238e-02,6.902233488407162609e-03,1.660117581337139728e-02,5.247608575112939870e-03,6.036810559796938758e-02,9.854622052881678584e-04,1.719667417905461999e-03,6.466218254631321376e-03,3.043075913014506306e-02,9.863446927172413170e-04,3.724026462485363620e-02,5.381727158948679084e-03,-6.200923814111012006e-04,-1.075799223857993800e-02,5.172847804370744656e-04,2.334536383927887757e-04,3.714961318788811886e-03,1.270880256743697824e-05,6.250000000000005551e-04,-1.156665080505074952e-02,-2.066210465944351372e-04,2.313518061235120358e-03,1.856412758996528380e-03,-8.724962921243361712e-04,8.648254222999307301e-05,-4.704263694680322141e-03,-1.670413172693049897e-03,7.607296455701170745e-03,7.672647415522385050e-03,1.408115811569371533e-03,-2.115473225682515303e-03,1.139869860995035202e-03,-2.133330459439652244e-04,-6.532441572634691899e-06,-8.079962784623060095e-04,-8.306630874091447403e-04,4.781653795269940471e-04,1.224473505440586531e-03,-1.870412364807998271e-04,2.097468763732049360e-05,2.897678574040987482e-04,-1.411130346371204243e-05,-9.987625243081097218e-05,3.166562807585559454e-07,-4.071380829335103507e-05,1.996423813331547337e-01,1.141597530057882892e-01,4.014904679093039275e-01,1.625125675232910460e-01,2.751634515015462246e-02,1.207138086316313919e+00,2.809710617868665244e-02,3.111154076464230922e-01,2.144923672931523306e+00,1.866416644359606192e+00,4.643318170099425823e-01,4.306585643428881283e-01,3.296847997159244037e-01,2.488440359320890360e-01,3.114384495649071272e-01,2.760830736281005837e-01,2.035199352076014212e-01,1.454202506427159092e-01,1.498061148907038620e-01,1.805026628681146161e-01,2.516986339205916634e-01,5.605585776196502640e-03,1.278535433528694412e-03,1.301877974196667398e-01,1.614103806319939008e-02,2.876508702291903294e-02,1.035104544863956616e-02,6.843004875899047490e-02,1.460710736094806032e-03,3.222809876537834160e-03,1.308837911336662753e-02,5.944200389264015644e-02,9.421656430423698027e-04,3.786957684166111088e-02,1.400903215999824980e-01,8.688846451113924063e-02,5.830781991406269738e-01,1.194255780528057920e-01,3.608512404967589154e-02,8.791488076263285212e-01,3.007941366272573122e-02,2.430250437197779834e-01,3.018405219618217394e+00,1.426029216909722397e+00,5.236726184666402606e-01,3.560950369709312557e-01,3.936936177619982380e-01,3.170138819782052364e-01,4.356640423129325979e-01,4.190402209456087212e-01,3.190659680610927196e-01,2.274851715978989941e-01,2.276582795138168136e-01,1.814316678792665394e-01,3.134253855330229044e-01,7.178115432092746669e-03,1.080958607014612539e-03,1.349875939510835066e-01,2.557233821456192727e-02,3.295101786926524917e-02,1.072266381758802886e-02,8.830481934544696931e-02,1.818210343457669432e-03,3.964797115323975135e-03,1.873055472444079203e-02,8.239912527229764638e-02,1.170613209893664550e-03,3.178417311377688959e-02
1.094493116395494348e-01,1.026504513030953997e-01,2.981036998207117428e+00,1.808268658975546728e-01,1.800749396324050622e-01,7.795338499791859554e-01,1.250233931420410283e-01,1.791250000000000064e-01,-3.601413806843034138e+01,1.336122160038141882e+00,3.943353667929330730e-01,3.270280970490138661e-01,3.334153480976136813e-02,2.100128041057604256e-01,9.813465769578336162e-02,1.449823857059890087e-01,7.730989769447474402e-02,3.290569356730267681e-02,-1.763721829909285430e-02,9.842650705760172536e-02,-3.972586467075153727e-02,3.320158859183943746e-03,5.861630739274820883e-04,1.057819283602568772e-01,5.724226164202787445e-03,1.671574100981023867e-02,6.246964286893913823e-03,7.125124646181039967e-02,8.033018981156653596e-04,1.721916816292418410e-03,6.501527198908429658e-03,5.944967747690869941e-02,7.454452181333773167e-04,4.914356508292053866e-02,-5.882352941176469639e-03,-6.543089899734954706e-04,-1.200252085396029747e-02,4.509037779342431221e-04,5.852571598260469934e-05,6.385197336199077700e-03,4.980917053131172362e-02,9.999999999999980693e-04,-5.889289731739921936e-03,-4.896721231832235413e-03,-3.229632384319502811e-05,4.327506994927995954e-03,2.149928923438793049e-03,-4.619581449285317491e-03,-4.621159211418074571e-03,-1.341602778036438072e-04,8.477217649742328082e-03,8.883880444001226659e-03,-2.226348068494893306e-04,-3.037654332577649757e-03,2.216126365852623490e-03,-2.755360387560962590e-04,1.135521121198527322e-05,-8.891455841850245045e-04,-8.964408329607982933e-04,4.513611701470708615e-04,1.189151393819505922e-03,-1.478270350807157907e-04,6.021891631159367264e-06,2.946764436854076505e-04,3.323932062698252903e-05,-7.408816152886104635e-05,1.185095220855997346e-05,-7.139583337614878727e-05,1.564978510847535309e-01,1.165994477774150717e-01,5.456729751383505578e-01,1.386990812284532304e-01,8.241623391461133652e-02,1.094447673796372644e+00,2.715886631182982680e-01,2.503862953018795023e-01,2.658463500031203353e+01,1.808729195032174220e+00,4.913110546993614269e-01,3.815466286631696846e-01,3.389179473277502685e-01,2.512178626469435128e-01,3.076129004589728266e-01,2.671315194017274131e-01,1.855989196443166844e-01,9.720912615339558083e-02,1.327183061129229291e-01,1.685030517448289356e-01,2.358530844312593799e-01,4.870522129027428891e-03,6.702324093083892546e-04,1.341721497068578683e-01,1.332021175447118191e-02,2.900974185496774105e-02,1.308598547681879241e-02,7.963888518375002168e-02,1.455364792278978541e-03,4.002077994089721716e-03,1.406866608059815539e-02,7.762028176286843439e-02,9.774206542581675029e-04,3.489251962687759528e-02,9.558306809825496686e-02,8.727977513634863072e-02,7.724929292585952512e-01,1.002320738873466455e-01,8.725059350085127841e-02,6.941380753709818219e-01,3.479496975300585548e-01,1.669700571958936397e-01,2.331494699691674910e+01,1.398747315140819625e+00,5.610648324020812705e-01,3.684131315072696200e-01,4.173858953325256804e-01,3.486426892159693591e-01,4.574804988078007839e-01,3.777883661115158387e-01,2.901187943053572527e-01,1.354637911424308727e-01,1.838632385568691741e-01,2.022070498347093570e-01,2.997760231676321885e-01,6.285179549747819429e-03,5.273014233414980182e-04,1.262082583557914972e-01,2.178912052983170491e-02,3.288043364512812511e-02,1.647359403368322053e-02,1.024118960796134847e-01,1.721679648056646372e-03,5.387319441339664255e-03,2.009316840124850817e-02,1.014150171646868992e-01,1.230009181592663222e-03,2.789510632183389224e-02
4.749687108886107428e-02,1.056393978036476167e-01,2.802717918351664395e+00,1.430829926070223412e-01,1.789619742593321350e-01,4.273124203956132905e-01,1.302085461046798009e-01,9.450000000000000067e-02,-3.680641353879771316e+01,1.647252733818821424e+00,3.278568551748016202e-01,4.109055473621552323e-01,1.369627521643449752e-01,1.575254332321611161e-01,3.198670124430508244e-02,3.739153943474658737e-02,4.122025143238568223e-02,7.187915641229622454e-02,2.187239990132024137e-02,3.840910418671957677e-02,3.178374632817056872e-02,3.393079112875765826e-03,8.872536080771697368e-04,1.147777067539608453e-01,6.341007046932686970e-03,1.638567648697813323e-02,5.133836281924490826e-03,8.288673172879118534e-02,7.858082972721873709e-04,2.225213537771624731e-03,7.777418410896613961e-03,6.727108648462874763e-02,9.279299974548734431e-04,5.483159870333176311e-02,-5.256570713391739251e-03,-7.099493289715666511e-05,1.235420373608797748e-04,3.283086912508476334e-05,7.218458048708908676e-05,3.170065395744092566e-03,-5.731961253541703952e-05,3.749999999999989236e-04,4.614094635241094977e-03,-2.860928773863791186e-03,-2.675675075967332006e-03,3.175707719725834430e-04,3.468439121331304189e-03,-7.817435086837576591e-04,-4.597329596436938509e-04,1.252200726381062692e-03,8.464655166287055488e-04,-1.089205808558054269e-03,-4.927823931966778936e-04,-2.067736367126726729e-03,2.140000989072589430e-03,6.014671726032169631e-05,1.160339889219137306e-05,7.663129077370556112e-05,-1.467691353671668560e-06,-1.927867705852671118e-04,-2.239181383459895645e-04,-1.995497887067113232e-06,-1.947575081303349606e-05,1.377427036954245765e-05,4.368819394387213069e-05,3.593878975584139247e-05,5.597691766760738699e-06,-5.784548805806110077e-05,7.132102946472257399e-02,1.156494041177493770e-01,6.883593458471082283e-01,9.506697802086913618e-02,8.217943769124183562e-02,6.780291569346955649e-01,2.698378854460213305e-01,1.537258111053573240e-01,2.649628301987856460e+01,1.659679917887772582e+00,7.866435151635724488e-01,3.972357277036229761e-01,2.739497402121277569e-01,2.515654056068109545e-01,3.084240033550457727e-01,2.640970372029799451e-01,1.647485994870900028e-01,1.233566689932036470e-01,1.257404707790898413e-01,1.331838399771651527e-01,1.330887533731595074e-01,4.987260712299040367e-03,1.698525097743420554e-03,1.372747609754497167e-01,1.347634604102013536e-02,2.827123828277975856e-02,1.236941504742766068e-02,8.569512053925373851e-02,1.711919515443994025e-03,4.201508842606811213e-03,1.478292681187314862e-02,7.984042629116694378e-02,1.443775082259947991e-03,3.326351743666646626e-02,7.126953542869046698e-02,9.005091434773229708e-02,9.062378535823120140e-01,9.196515186214332394e-02,8.835830047010939658e-02,5.597799562450543887e-01,4.132620384002176905e-01,1.396698674553677744e-01,2.374692751016179670e+01,1.447823044975871110e+00,9.380098943318412319e-01,4.874352434042826254e-01,3.863156047792644099e-01,3.599488814284106386e-01,4.688607588684411409e-01,3.727939861694840595e-01,2.654153774611907601e-01,1.646359112653427159e-01,1.899599762424386551e-01,2.077954275748907786e-01,2.055432505303327329e-01,5.963823369613831769e-03,1.556895050707576790e-03,1.191440884423859564e-01,1.864412899876679436e-02,3.147137853205537322e-02,1.885800241688813036e-02,1.111782595864144185e-01,2.164228616893801478e-03,5.953455742502425721e-03,2.126325004840303595e-02,1.107235209763012540e-01,1.328672331524777608e-03,2.546300549106485928e-02
4.799749687108886137e-02,1.058363646280049419e-01,2.802705327868172169e+00,1.433429531624067221e-01,1.793574326781880723e-01,4.266528826039076572e-01,1.300222474898841685e-01,9.450000000000000067e-02,-3.680140028389016038e+01,1.645309571117521852e+00,3.309539342782853444e-01,4.082073995818532586e-01,1.363493185572331179e-01,1.565588953013789530e-01,3.431926358110082981e-02,3.675566670010974035e-02,4.309822490488912639e-02,6.639192782174110907e-02,1.972580360121971646e-02,3.918771634566185075e-02,3.363603681171073445e-02,3.381302578468571747e-03,8.856766046235807575e-04,1.147998808809267135e-01,6.414349303266288563e-03,1.639538741584469633e-02,5.067050002576354087e-03,8.295137835804165805e-02,7.960011873612867070e-04,2.260456515171316728e-03,7.714498113632983420e-03,6.726688153521165336e-02,9.285534109261577235e-04,5.483223026913529308e-02,6.257822277847310388e-04,3.605558821877172520e-05,6.341602781376743368e-05,-5.561107363217521329e-05,-6.773734820892940163e-05,-6.535063644582117526e-04,1.371981740591055010e-05,-5.551115123125783010e-18,-1.384984979399206395e-03,7.210899042700668737e-04,1.549443344173162583e-03,-2.408476974849554865e-04,-1.909686214445732722e-03,2.850549080732733939e-04,-5.613134104158479243e-04,2.094162247167164013e-03,-1.922923908147022908e-04,-1.524835325207432590e-03,-2.465956424132032063e-03,1.113576581269312650e-03,1.772060939058218336e-03,-2.717558349284512897e-05,-1.238911042149477534e-06,4.214909133738870131e-05,7.281337228066050451e-05,-1.807245896931486449e-06,-6.964249695422044541e-05,8.612657890379530118e-06,8.468404312222618541e-06,3.441881964393591557e-05,-1.334606929104037180e-06,-1.097811546185989350e-05,-3.333540052230846502e-06,2.385787615178345919e-06,7.173579992278859840e-02,1.158761211299939448e-01,6.881460985385067231e-01,9.495006185065897608e-02,8.217263655070475292e-02,6.774007669650992103e-01,2.698937380684487408e-01,1.537258111053573517e-01,2.649758153812940265e+01,1.654476734106962832e+00,7.900382168996183951e-01,3.978686430550367747e-01,2.793835706499464000e-01,2.464385453110530255e-01,3.143496894394825492e-01,2.547832906990940560e-01,1.677526379605819851e-01,1.252952065997707809e-01,1.324580678636064490e-01,1.284641378030352554e-01,1.305611719200608367e-01,4.937763685954994590e-03,1.698235159667913418e-03,1.371869071104402371e-01,1.368932155783632656e-02,2.828984546190774219e-02,1.215245135744077130e-02,8.580426514733154042e-02,1.711409682874532852e-03,4.294872208549474490e-03,1.461093222066461514e-02,7.983992055464654569e-02,1.439671023916193901e-03,3.326657275279153864e-02,5.806571212121047765e-02,9.046456179076603488e-02,9.054889917895820872e-01,9.151500000957027425e-02,8.781418607122361275e-02,5.642718254691577728e-01,4.132307242891445354e-01,1.402831957149537068e-01,2.374098919095159133e+01,1.443597020194720582e+00,9.423726986264477912e-01,4.897975780951126512e-01,3.864684528234000882e-01,3.522680970740911244e-01,4.825158614668448309e-01,3.539538829129793007e-01,2.682821627773335771e-01,1.667776355921714027e-01,1.952051734348793366e-01,2.002628962162408266e-01,2.024922872553258368e-01,5.971723790991364383e-03,1.560883486614803679e-03,1.191788174941090656e-01,1.882044190425553529e-02,3.157725835411882842e-02,1.818750403564336343e-02,1.113712386224873924e-01,2.163200705145075248e-03,6.063668502203570752e-03,2.090408055199232881e-02,1.107142920655559137e-01,1.325530454769728497e-03,2.547746307119436518e-02
1.339173967459324210e-02,1.016988502760976382e-01,2.893387866796154562e+00,9.453274863851748866e-02,1.439957913499571585e-01,1.446674760589156672e-01,2.222506775439740401e-01,3.187500000000000056e-02,-4.743144518502224827e+01,1.863442871956686009e+00,4.612466269628341387e-01,4.327257536323508846e-01,1.281303072963951850e-01,1.355133325697997493e-01,3.996980960766936819e-02,8.191236841487403719e-02,3.483537040195103240e-02,5.263114444255534430e-02,1.780805782364413073e-02,2.372059923376363885e-02,5.648925327424958454e-02,2.975921876201284132e-03,2.530853502640097522e-04,1.135144780022019767e-01,5.169658510145923487e-03,1.634311071521863529e-02,4.726555547197172462e-03,8.142614815751195168e-02,1.509371130813526535e-04,1.539279173250963223e-03,6.360683885199984282e-03,8.667279746472837665e-02,4.083940941619505554e-04,6.012200710294045292e-02,-3.566958698372966509e-03,3.819450889871248416e-05,-3.448594668068172102e-03,-8.345839811009365104e-05,-1.040168365841379034e-04,-3.560863897701826986e-03,4.991459124085446258e-02,-2.500000000000002220e-04,-5.652686879894730509e-03,9.771177863874159087e-04,6.011845448969388613e-03,-1.276610635038977204e-04,-2.387534105499125679e-03,1.650493771675892729e-04,-1.285795976992076817e-03,-1.152932822612584562e-04,-7.086230320405756183e-04,2.259477053597643004e-03,7.689555962548860540e-04,1.044228869781835874e-03,-3.064106367077987399e-03,-6.426159104974700075e-05,-5.921227428115919977e-06,-9.536678236948416113e-05,5.868026024232059348e-05,2.310074165467877641e-04,1.636093333886222358e-04,-1.835537841676174869e-05,1.357388055780511525e-05,-3.562230546622982417e-05,-3.191905202765870156e-05,-7.076112932788425686e-06,4.161357520076530001e-06,6.227938072954162109e-05,2.458010139172855588e-02,1.187788497476432864e-01,7.069389203202882666e-01,7.628211837719968413e-02,1.020072502625399280e-01,3.134311164423276841e-01,3.575530312036351854e-01,7.301487434078073047e-02,3.389683718176056715e+01,1.360281602972170045e+00,4.130899407933066314e-01,3.425067809259371709e-01,2.818873089809358912e-01,2.293397110121149496e-01,2.919552402564602467e-01,2.101348771747559574e-01,1.621708203583009100e-01,7.588818174776865155e-02,1.231975887985311408e-01,1.185663435829042156e-01,1.280836448616413381e-01,4.903378205849683556e-03,3.740014197291358870e-04,1.381164404291252146e-01,1.389017807301367105e-02,2.880587337707676138e-02,1.275500616062394919e-02,8.663353319397802677e-02,2.536395712706220637e-04,4.091058689100320923e-03,1.477553235264837846e-02,8.441404719631348530e-02,6.715484621781142496e-04,2.792072832041517239e-02,4.137035848192890941e-02,8.909726033472972762e-02,1.011390307837866764e+00,1.031401049207282539e-01,1.187529597393226083e-01,4.690955558139920933e-01,5.395135969067341719e-01,1.075578332805193632e-01,3.284450755804991218e+01,1.206559480558686115e+00,5.117096964505358780e-01,3.548978521393412744e-01,3.921508921997929331e-01,3.352288646204314437e-01,4.594243281527405354e-01,3.141519053462250577e-01,2.505772716145356904e-01,9.283707359070246523e-02,1.725217375635446915e-01,1.822271648859687676e-01,1.949203357464137365e-01,6.095132309778870591e-03,5.032840761630598013e-04,1.194254559696674434e-01,2.040442381897605156e-02,3.227294937433453081e-02,1.871301994719061154e-02,1.117928739744232375e-01,3.261304416194272214e-04,6.190086880707003879e-03,2.086359715875480900e-02,1.173305170712443390e-01,9.229238709519289310e-04,2.418369514551808527e-02
1.314142678347935203e-02,1.016745058126940632e-01,2.893847304001241572e+00,9.435129329775396312e-02,1.437203166058634296e-01,1.464723906836410960e-01,2.223817162493930688e-01,3.225000000000000089e-02,-4.743374274220364839e+01,1.864014096915205698e+00,4.597182670841643004e-01,4.347228656728920337e-01,1.266465350344005147e-01,1.368223633367398606e-01,3.950384193789299031e-02,8.233556421599730335e-02,3.320970730746269223e-02,5.870692738084169748e-02,1.863195423856079183e-02,2.200882467243571797e-02,5.638453842339498367e-02,2.972192528222080028e-03,2.608978217251719080e-04,1.134499829736519416e-01,5.115220059182222674e-03,1.636754944714211707e-02,4.721023445035294613e-03,8.140147458466902297e-02,1.495189793583138072e-04,1.504957265449130468e-03,6.403588838718559870e-03,8.666138579702632738e-02,4.148567404342923433e-04,6.012770580147288463e-02,-3.754693366708382546e-04,-7.698323353560326820e-05,9.486717232420893708e-05,9.094289853468079388e-05,2.073980467101194035e-05,1.962217090496209959e-03,-8.301017145254663819e-05,5.000000000000004441e-04,2.130766575082532026e-03,-1.858546007745409765e-03,-1.296377274664239953e-03,-3.627722314998749089e-04,1.651050264911729749e-03,5.940863466647655416e-04,-8.542055286356597943e-04,-8.131187436402675722e-04,4.643171635044768372e-04,2.005133255177148598e-03,1.988160805962232817e-03,-1.505213582439759220e-03,-1.304846584249979473e-03,4.538756707759238232e-06,5.443433388431300535e-06,-4.017766038104577796e-05,-5.360004076389347647e-05,-4.890179446421019649e-05,-2.084231097857977385e-06,3.948178435755726576e-06,-3.872244754281003277e-07,-3.237941705390686087e-05,4.981416940506378641e-06,8.644723705088231525e-06,1.077512251994479624e-05,-1.759152087445672034e-05,2.345974027131182693e-02,1.188811659440662527e-01,7.057697981489935435e-01,7.630942580153046717e-02,1.018332127058683562e-01,3.193458895965162747e-01,3.574085860679396820e-01,7.456079734015724769e-02,3.389548987991412332e+01,1.364091053682117805e+00,4.091911119728278701e-01,3.421938723689771367e-01,2.746156794879548446e-01,2.321282554773282381e-01,2.939860270943889242e-01,2.154921499708117583e-01,1.570960993413105800e-01,7.404898177676823290e-02,1.183422877037991899e-01,1.203043571657530508e-01,1.280315196628591667e-01,4.903414847672728054e-03,3.917522364306183958e-04,1.381953135668483323e-01,1.373041861181305452e-02,2.887768282455114091e-02,1.274988672332642847e-02,8.662416878672951626e-02,2.520172732466565259e-04,3.993029056266922047e-03,1.488463714317149120e-02,8.445858015267941610e-02,7.017285623866717243e-04,2.792891653168504129e-02,3.206814905224388002e-02,8.906274193320586063e-02,1.013039412820395002e+00,1.034263131460046586e-01,1.188164346021644557e-01,4.661595922732422737e-01,5.839902639334303425e-01,1.081884929186094219e-01,3.284888488633202286e+01,1.207488745817340892e+00,5.079550318910454054e-01,3.519905305347896807e-01,3.866550489450175099e-01,3.414592524990010536e-01,4.623199590522972802e-01,3.255455635651216539e-01,2.446969401691693469e-01,8.764781897708739944e-02,1.678013693800897432e-01,1.841691838052046115e-01,1.908947818881860936e-01,6.022947574971506020e-03,5.088096515067501739e-04,1.194031097278519804e-01,2.041262259640367130e-02,3.226302224141884556e-02,1.906867584362767140e-02,1.117745550573635976e-01,3.416211371501623895e-04,6.039403842983908852e-03,2.109601430745738915e-02,1.174257234265145416e-01,9.648384190860134855e-04,2.417307568966074738e-02
4.624530663329161351e-02,1.058584425088736625e-01,2.721296022492320610e+00,1.422538865058631807e-01,1.782530475002654935e-01,4.635037762659338090e-01,1.302548913177637713e-01,9.237500000000001266e-02,-3.663993437251540541e+01,1.620360686055948518e+00,3.247850605748611730e-01,4.530648577320578463e-01,1.231719592360161208e-01,1.499998718674352138e-01,3.013148400730227688e-02,5.753554308422037522e-02,6.051059280960761205e-02,4.933211432198456731e-02,1.550659724920721780e-02,3.493503593064582052e-02,4.125058921643064147e-02,3.459617168216346569e-03,1.063301210949290157e-03,1.146876793766840041e-01,6.375061349116957141e-03,1.668814704965706358e-02,5.304553012582292892e-03,8.280405536353685481e-02,6.902366460643677990e-04,2.090309291902443887e-03,7.770193920215290144e-03,6.449250211481712125e-02,1.062129604380749204e-03,5.403604576697662587e-02,3.942428035043804221e-03,-9.050743520188503705e-06,3.357378723359327570e-03,-2.614441660408861720e-04,-9.678879392430797806e-05,1.629365571596086458e-03,-4.990051881566838488e-02,-2.500000000000016315e-04,5.386130509111275097e-03,-5.927043749196947865e-04,-5.390760111378090427e-03,3.222912205123718010e-03,1.612603337929041734e-03,-1.010242855286222442e-03,6.535301497503948499e-04,3.336021729237192708e-05,2.445064641805563821e-03,-6.600088049559287495e-04,-5.108274211435476003e-04,-1.063700395741877525e-03,7.029539896944561389e-04,3.346866608243863415e-05,5.283115103954256009e-06,8.401598007005788016e-06,-1.213702877537060882e-04,-1.384782950860960590e-04,-8.184677453756533932e-05,5.052767231246753788e-05,-5.232479955066988774e-07,3.321243203443149109e-05,6.806728518590227518e-05,4.204073731624673047e-05,1.447457915420007242e-06,-5.347916338478975456e-05,7.223432744265888272e-02,1.160152387330064400e-01,8.203793206660447979e-01,9.447038672767414658e-02,8.169006739250955773e-02,7.602228726480595444e-01,2.697483317385468427e-01,1.489745678798901629e-01,2.649002962992657473e+01,1.685187670247938030e+00,7.775054883950811568e-01,3.084774843684882084e-01,2.707852908679109216e-01,2.397720220552221893e-01,3.154197162045911940e-01,2.289417156172673939e-01,1.464400213348350799e-01,9.155727479337691377e-02,1.302151607663321053e-01,1.220650753467490968e-01,1.247630908466533517e-01,4.874082374079483602e-03,1.901328502260262983e-03,1.373034615382992263e-01,1.334433715085790381e-02,2.851335307046240497e-02,1.236128320890914588e-02,8.574993283698668922e-02,1.528738454999770038e-03,4.146946042490822805e-03,1.472265172073560988e-02,7.988747199597313886e-02,1.548318497891310562e-03,3.415711699536241180e-02,5.773535475190517269e-02,9.056906755683194477e-02,9.795297787835237635e-01,9.177641862044089160e-02,8.794153786780231630e-02,6.814763599892785795e-01,4.644651992908264693e-01,1.343198142494248792e-01,2.358584920926605122e+01,1.466504483455718599e+00,9.168068862403081498e-01,3.411848580112873397e-01,3.730100983984794283e-01,3.436563895530728718e-01,4.897406567919140863e-01,3.248963946685952120e-01,2.360004895290806481e-01,9.701559707107317021e-02,1.949500791174581804e-01,1.894240298437067926e-01,1.868453202045034511e-01,5.890649589036364361e-03,1.673356111822054629e-03,1.191103754543264281e-01,1.876571468020387171e-02,3.186015572784064304e-02,1.847090512536720200e-02,1.112101991379250421e-01,1.849492683812596064e-03,5.871886035606755164e-03,2.115702299632509290e-02,1.089748515371667392e-01,1.291645760101399042e-03,2.652998638684019375e-02
1.623904881101376763e-01,1.084992851394452062e-01,2.742198001224896764e+00,2.487502964057581034e-01,2.117416032005079995e-01,1.066118063901344781e+00,4.209855292811872512e-02,2.643749999999999711e-01,-2.567225884103566358e+01,1.286156061120067307e+00,3.997777610838554319e-01,3.605170347055633440e-01,1.178691046120858843e-01,1.432771586008448339e-01,6.605579384648346819e-02,1.156165555582864546e-01,8.672909125019827303e-02,1.073892909346908092e-01,1.923334653564052338e-02,1.060396783227280162e-02,7.338154362682805520e-02,3.475101974790353009e-03,1.670479254523926562e-03,1.056288040299669245e-01,6.499046302965637463e-03,1.668219816524535784e-02,5.642383415033193524e-03,7.015850260679742934e-02,8.182547097251851188e-04,2.310503817991021048e-03,8.142769512011645977e-03,3.706262938543296998e-02,1.217024290198687490e-03,4.297815507452111550e-02,5.569461827284100108e-03,-2.669992190868497459e-05,3.626447985165537618e-05,4.416156616482980055e-05,8.629551766174207148e-05,8.384646835288278588e-04,-4.979125802120847044e-02,-6.249999999999950257e-04,-2.223952720780886325e-03,-7.277065301476870907e-04,-1.211770425156516364e-03,3.544889354883667878e-03,-4.044928279071963173e-03,-4.686640640260336449e-04,2.900524338672405469e-03,-2.550994093832353784e-03,-6.204566638209118917e-04,-1.812286836896259733e-03,2.095620558841201908e-03,-1.478621993830823251e-03,1.622146468749514989e-03,-2.714427628315550924e-05,3.524801268724338588e-06,-6.382377565056287789e-05,-8.559460191895420795e-05,5.758958432919014387e-05,1.497136696149883981e-04,3.930748865914046326e-05,-5.144946617010226738e-06,-1.567637988840282288e-05,1.115929412992553196e-05,-1.315320706923549277e-05,-2.706306976219194225e-05,1.759254155342670977e-05,1.904475965035039298e-01,1.137724807529422733e-01,7.115913085309899522e-01,1.568688384077454590e-01,3.499200204358483834e-02,1.086066540189676521e+00,4.249359962358903453e-02,2.851785350881093084e-01,3.982076656394399450e+00,1.848648356260857772e+00,7.762395082229885945e-01,4.209937557848784651e-01,3.044981895319738840e-01,2.612770802984538121e-01,3.136136828672829724e-01,2.624480537010835390e-01,1.550633167124746969e-01,1.526544204747357636e-01,1.333437643562654928e-01,1.434928629688106971e-01,1.453961934951163992e-01,4.768772526441337686e-03,2.015869660781904882e-03,1.355149616554998937e-01,1.301141753684110884e-02,2.847683939708222159e-02,1.275000847481931598e-02,7.628877258442345877e-02,1.511578676477830750e-03,4.023560895607293866e-03,1.472665698957636819e-02,6.975600213072156996e-02,1.453709660722990937e-03,3.888082375078397851e-02,1.373927505130237980e-01,9.013537777987991328e-02,7.633094761982470722e-01,1.248019009848593402e-01,5.716384263809713012e-02,8.447940422107191871e-01,2.167546122953068477e-01,2.125204034322351887e-01,5.168436882847973202e+00,1.600154948884835893e+00,9.137635630725799984e-01,4.065048506749681656e-01,3.856152063700032939e-01,3.607284192421739144e-01,4.904253414068373562e-01,3.845899068747455352e-01,2.561358821701992805e-01,1.786390266943073957e-01,2.115878409252861525e-01,2.169030205672998479e-01,2.123238541961118553e-01,5.806387174255551488e-03,1.959480809472685919e-03,1.250218519676553064e-01,1.819155879144434759e-02,3.178148959247387856e-02,1.846961541219251102e-02,9.965407120928863882e-02,1.886045698285477006e-03,5.706928994699156377e-03,2.121483871569628671e-02,9.938959303602010187e-02,1.193629795558823333e-03,3.044382151125228295e-02
2.219880113299519120e-01,1.076421998504054900e-01,3.055863407630758477e+00,2.894013969671547226e-01,2.129179454070888322e-01,1.380185012109018672e+00,4.571454454753246660e-02,3.551315789473683537e-01,-2.546669642912893750e+01,9.328536381714730430e-01,4.621392392415392680e-01,2.253586486695414171e-01,7.614221864719671051e-02,2.360269648704430012e-01,1.877101129734360108e-01,2.139429191923647167e-01,1.067088241019481520e-01,8.285000208405975120e-02,3.672980471899535242e-03,8.934165443462076250e-02,-1.804733427490387565e-02,2.582013362749714137e-03,1.185126427442595096e-03,1.016307897079038181e-01,3.625286896815611924e-03,1.359061800735489670e-02,4.648199842099647386e-03,5.894992457280862769e-02,9.902453139135781318e-04,1.269150629010032567e-03,7.316477970650714369e-03,3.525633442239593102e-02,8.390044021704315793e-04,3.990197640250194716e-02,1.179105460773334328e-02,-3.779110759163404037e-03,4.237766893041591820e-02,1.030092013517591373e-02,-5.671125232488197617e-05,8.864524310359631065e-02,-4.452285080082847308e-04,2.078947368421053474e-02,-3.370922698881239077e-01,-1.539938788324701213e-01,-6.875544574885099347e-02,-5.016762060879029206e-02,1.066729986371814896e-02,3.883400564304882036e-02,4.724062549558782215e-02,2.757786687837272127e-02,1.791371001794219223e-02,-3.083123494430593369e-03,6.696398000054457414e-03,2.854671951298960383e-02,-2.972572100867972023e-02,-7.079890886081886174e-04,-4.543516038825935624e-06,-8.132402150379320271e-04,-2.064439244284788956e-03,-3.395782281632844183e-03,-1.703880477128800076e-03,-1.105859671150670248e-03,2.339723884148312927e-04,-7.091763918420009591e-04,-1.175607298743753675e-04,5.199084935552196127e-04,-5.940111969400184400e-05,-7.030344828334522071e-04,2.061180093432059546e-01,1.180202844884431918e-01,3.134973897894680062e-01,1.681146132713726427e-01,3.457346927667954983e-02,1.215964942440793450e+00,4.859885446367981365e-02,3.093589229572930588e-01,2.872768622953659090e+00,1.956432861124531630e+00,5.608358325027001934e-01,5.342378818465873813e-01,3.538988685249433441e-01,2.592286966464901754e-01,2.526970328255674914e-01,2.174400190331075844e-01,1.537290357476697733e-01,1.883491199683037520e-01,1.277902740201445064e-01,2.069699856431317098e-01,2.750225125361136502e-01,3.830000354912967142e-03,1.226266346175915352e-03,1.360369485328765116e-01,9.624796143031813522e-03,2.706285144613040927e-02,1.012551312514746622e-02,6.761569883164043893e-02,1.458174519930697036e-03,2.857694931217499845e-03,1.523834176450953107e-02,7.174660118423478727e-02,8.745308457382547015e-04,3.934258431181129195e-02,1.483942692728817681e-01,8.920788897016763974e-02,4.427162984043475080e-01,1.331491461700413659e-01,5.862134473833216508e-02,7.916808123686580601e-01,5.608916946879829307e-02,2.225274268009908851e-01,4.025805208003816027e+00,1.385682252539945480e+00,5.726386893782033916e-01,4.422803794044744552e-01,4.395298267238626488e-01,3.519737584247479845e-01,4.670645949407326580e-01,4.242270343972894819e-01,2.738973251543067033e-01,1.945409957957031089e-01,1.969813350490020043e-01,2.190708895435322934e-01,2.970753572736498649e-01,4.845247673095239710e-03,1.178807046513568419e-03,1.338403257278470981e-01,1.691043923796519549e-02,2.896361174830583765e-02,1.743236575170462391e-02,9.389614612713424735e-02,1.229743703196197607e-03,5.001867116955102839e-03,2.176051680446996692e-02,1.017185006446949397e-01,1.132712892965580297e-03,3.251351117819866604e-02
1.952440550688360199e-01,1.085423218533097534e-01,3.188955520468716109e+00,2.695050579112995282e-01,2.154384400518943865e-01,1.410012833651788311e+00,4.533332788909485295e-02,3.311111111111111338e-01,-2.543401336647724875e+01,6.442866697921250108e-01,2.939987157381131477e-01,1.992017908511003743e-01,3.407449699944281596e-02,3.633507543800085782e-01,2.707834238717473641e-01,2.283212249786318870e-01,1.295652480901138548e-01,-2.006067224578000560e-02,-2.144855277757856671e-02,2.167060884986138081e-01,-1.712721388170920234e-01,2.124076905181421487e-03,8.553390848338915300e-04,1.085607039610023000e-01,1.747669781323322753e-03,1.054095564070471960e-02,3.878928029318777244e-03,6.207098612173067576e-02,1.636771554842098887e-03,5.126932746262715312e-04,7.510597524183904548e-03,3.914390422036439360e-02,9.553373410614333320e-04,4.200845093703190619e-02,2.016409400639687655e-02,-7.775993152307788051e-03,9.626369463665367110e-02,2.099651161177112230e-02,-5.262874148721415892e-04,1.851922811379982658e-01,-9.695589495326307214e-04,4.361111111111110744e-02,-6.995167147867624724e-01,-3.231918108215236507e-01,-1.517039949018269829e-01,-1.033142064331536436e-01,3.285223396395156592e-02,7.979893139359553467e-02,9.681107053485440983e-02,6.149696226531279480e-02,4.112064915613014571e-02,-5.290096421798642229e-03,9.771520929591898802e-03,6.375280219684868743e-02,-6.614425587693537056e-02,-1.343417993630476905e-03,-1.844411845737224608e-05,-1.547946024339122428e-03,-4.336588119162643890e-03,-7.397407770433255328e-03,-3.986048698289150309e-03,-2.371400149759184724e-03,4.998583356192016439e-04,-1.395968872558496846e-03,-1.372331022747774927e-04,1.189394357193295426e-03,-8.839821878402776283e-05,-1.575611806662373816e-03,1.784609790391091799e-01,1.217410695286895717e-01,9.623382189431685385e-02,1.417951122723262736e-01,2.172716822717113763e-02,1.276040547761867483e+00,4.419904660216428249e-02,2.885719415190928783e-01,2.483984731697638448e+00,2.114458504729531452e+00,6.951773114584237634e-01,5.615399306988384520e-01,3.720029008839165208e-01,1.690954082882927534e-01,1.711475579480586928e-01,1.610295476744627308e-01,1.254024417814297854e-01,1.602116261582546552e-01,1.228799208432413831e-01,1.855416571019726235e-01,2.977903191072892031e-01,2.514115307257329748e-03,6.764696165007179525e-04,1.380651085311276616e-01,1.535292464120706878e-03,2.464185842130645065e-02,4.136280445968069756e-03,7.161209067138042672e-02,1.861983249571506037e-03,3.621831888421268028e-04,1.560514699747358493e-02,7.247336470379472928e-02,1.111467885383039767e-03,3.995022549140423568e-02,1.034146140544753012e-01,9.029066743679058094e-02,3.288841595041344101e-01,9.700111389509964710e-02,3.927084285608872793e-02,7.109265816718397524e-01,5.067505463696620610e-02,1.731654279355401838e-01,3.393071036989399936e+00,1.217506897292442325e+00,6.302762851989286430e-01,4.042181503274235865e-01,4.775499885388111987e-01,3.202916763158117353e-01,4.579322629541162648e-01,3.992232935476890954e-01,2.644521925316171695e-01,1.477268005630573144e-01,1.914699969631621090e-01,2.001032204057918429e-01,3.479270607224734801e-01,3.285275342617730455e-03,5.651552593389630843e-04,1.369878268574978020e-01,1.354227589420734998e-02,2.442850741372624979e-02,1.510910985610136419e-02,1.006344282217591507e-01,1.620160554573298137e-03,4.082477468082006469e-03,2.243540465911295773e-02,1.046279658052669120e-01,1.464690728138252429e-03,3.293307234879702672e-02
